Date,Opening Amount,Highest Amount,Lowest Amount,Closing Amount,Volume,Market Cap
"Nov 12, 2022",FTX files for Bankruptcy,,,,,
"Nov 11, 2022",$3.52,$3.68,$2.47,$2.59,"$617,326,125","$344,592,944"
"Nov 10, 2022",$2.29,$4.20,$2.14,$3.52,"$989,320,627","$467,843,435"
"Nov 09, 2022",$5.52,$6.25,$2.06,$2.30,"$1,320,745,564","$306,042,785"
"Nov 08, 2022",$22.14,$22.14,$3.15,$5.52,"$3,346,184,382","$734,156,443"
"Nov 07, 2022",$22.26,$23.15,$21.92,$22.14,"$721,168,869","$2,945,482,807"
"Nov 06, 2022",$24.06,$24.83,$21.73,$22.27,"$599,958,722","$2,962,384,378"
"Nov 05, 2022",$25.47,$25.81,$23.96,$24.06,"$108,438,472","$3,200,506,373"
"Nov 04, 2022",$24.36,$25.80,$24.15,$25.47,"$117,760,400","$3,388,498,100"
"Nov 03, 2022",$25.03,$25.33,$24.30,$24.36,"$96,038,029","$3,240,283,774"
"Nov 02, 2022",$25.87,$26.22,$24.94,$25.03,"$73,778,707","$3,329,849,643"
"Nov 01, 2022",$26.11,$26.40,$25.63,$25.87,"$61,710,158","$3,444,678,613"
"Oct 31, 2022",$25.64,$26.47,$25.40,$26.11,"$102,509,275","$3,476,092,574"
"Oct 30, 2022",$25.43,$25.99,$25.31,$25.65,"$52,222,119","$3,414,599,932"
"Oct 29, 2022",$24.79,$25.74,$24.72,$25.43,"$58,563,255","$3,389,161,693"
"Oct 28, 2022",$24.28,$24.99,$24.02,$24.79,"$52,996,494","$3,303,391,883"
"Oct 27, 2022",$24.65,$24.94,$24.21,$24.27,"$67,478,045","$3,234,224,015"
"Oct 26, 2022",$23.87,$24.91,$23.84,$24.65,"$77,828,549","$3,284,648,249"
"Oct 25, 2022",$22.79,$24.36,$22.70,$23.88,"$72,899,174","$3,181,771,612"
"Oct 24, 2022",$23.15,$23.21,$22.60,$22.79,"$35,298,132","$3,037,366,266"
"Oct 23, 2022",$22.58,$23.18,$22.42,$23.15,"$34,691,703","$3,084,675,569"
"Oct 22, 2022",$22.45,$22.65,$22.36,$22.58,"$26,694,195","$3,009,083,519"
"Oct 21, 2022",$22.41,$22.56,$21.99,$22.45,"$40,606,993","$2,993,956,175"
"Oct 20, 2022",$22.59,$22.78,$22.29,$22.41,"$45,835,848","$2,989,119,001"
"Oct 19, 2022",$23.59,$23.63,$22.58,$22.60,"$73,846,179","$3,027,263,468"
"Oct 18, 2022",$24.13,$24.20,$23.34,$23.59,"$57,930,720","$3,159,954,361"
"Oct 17, 2022",$23.73,$24.27,$23.31,$24.13,"$90,403,514","$3,232,319,232"
"Oct 16, 2022",$23.27,$23.90,$23.27,$23.73,"$31,592,267","$3,179,520,157"
"Oct 15, 2022",$23.46,$23.56,$23.17,$23.27,"$30,518,787","$3,117,719,337"
"Oct 14, 2022",$23.44,$24.13,$23.36,$23.46,"$52,571,806","$3,142,808,877"
"Oct 13, 2022",$23.36,$23.56,$22.17,$23.44,"$76,588,698","$3,140,199,040"
"Oct 12, 2022",$23.25,$23.44,$23.23,$23.36,"$33,931,169","$3,129,980,226"
"Oct 11, 2022",$23.57,$23.59,$23.16,$23.25,"$71,585,206","$3,114,365,760"
"Oct 10, 2022",$24.13,$24.26,$23.57,$23.57,"$57,700,617","$3,157,922,420"
"Oct 09, 2022",$24.13,$24.24,$23.97,$24.12,"$26,424,373","$3,231,788,707"
"Oct 08, 2022",$24.50,$24.58,$23.99,$24.13,"$31,052,653","$3,233,058,489"
"Oct 07, 2022",$24.50,$25.62,$24.30,$24.50,"$125,620,661","$3,282,833,130"
"Oct 06, 2022",$24.78,$25.13,$24.39,$24.49,"$52,179,925","$3,281,569,667"
"Oct 05, 2022",$25.12,$25.14,$24.45,$24.78,"$45,601,574","$3,319,508,471"
"Oct 04, 2022",$24.76,$25.25,$24.62,$25.12,"$67,348,735","$3,365,120,508"
"Oct 03, 2022",$24.03,$24.82,$23.91,$24.76,"$80,640,104","$3,317,666,238"
"Oct 02, 2022",$24.28,$24.36,$23.96,$24.03,"$37,256,558","$3,219,736,818"
"Oct 01, 2022",$24.24,$24.44,$24.00,$24.28,"$47,612,081","$3,253,364,733"
"Sep 30, 2022",$24.32,$24.94,$23.99,$24.24,"$78,199,832","$3,247,598,363"
"Sep 29, 2022",$24.09,$24.32,$23.56,$24.32,"$73,869,231","$3,258,227,307"
"Sep 28, 2022",$23.68,$24.29,$22.89,$24.08,"$80,457,805","$3,226,693,577"
"Sep 27, 2022",$24.21,$25.08,$23.40,$23.69,"$104,014,641","$3,173,366,908"
"Sep 26, 2022",$23.53,$24.21,$23.26,$24.21,"$84,494,360","$3,243,329,043"
"Sep 25, 2022",$23.69,$23.95,$23.31,$23.53,"$37,223,903","$3,151,855,966"
"Sep 24, 2022",$23.89,$24.09,$23.61,$23.69,"$44,387,525","$3,173,394,405"
"Sep 23, 2022",$23.72,$24.00,$22.95,$23.89,"$75,668,382","$3,200,134,129"
"Sep 22, 2022",$22.79,$23.77,$22.66,$23.72,"$64,652,932","$3,178,394,381"
"Sep 21, 2022",$23.35,$24.20,$22.43,$22.80,"$85,647,341","$3,055,286,638"
"Sep 20, 2022",$24.21,$24.29,$23.29,$23.35,"$69,945,344","$3,127,940,808"
"Sep 19, 2022",$23.44,$24.36,$22.50,$24.21,"$108,816,091","$3,243,483,334"
"Sep 18, 2022",$24.64,$24.64,$23.41,$23.44,"$56,817,692","$3,140,842,995"
"Sep 17, 2022",$24.07,$24.67,$24.05,$24.64,"$36,208,292","$3,301,590,421"
"Sep 16, 2022",$24.07,$24.37,$23.63,$24.06,"$55,401,852","$3,223,719,793"
"Sep 15, 2022",$25.51,$25.60,$24.00,$24.07,"$121,904,827","$3,224,421,677"
"Sep 14, 2022",$25.90,$26.19,$24.94,$25.50,"$94,121,773","$3,416,757,664"
"Sep 13, 2022",$28.45,$29.16,$25.79,$25.99,"$173,032,885","$3,482,472,142"
"Sep 12, 2022",$27.86,$28.52,$27.52,$28.44,"$143,000,183","$3,813,948,170"
"Sep 11, 2022",$27.72,$27.92,$27.33,$27.85,"$74,979,698","$3,734,694,704"
"Sep 10, 2022",$27.25,$27.83,$27.08,$27.72,"$69,791,179","$3,717,233,536"
"Sep 09, 2022",$26.04,$27.86,$26.02,$27.26,"$95,697,728","$3,654,754,209"
"Sep 08, 2022",$26.00,$26.21,$25.64,$26.05,"$65,639,615","$3,492,460,331"
"Sep 07, 2022",$25.68,$26.38,$25.09,$26.00,"$87,264,848","$3,486,899,125"
"Sep 06, 2022",$26.61,$27.12,$25.45,$25.69,"$287,494,152","$3,444,769,820"
"Sep 05, 2022",$26.39,$26.65,$25.98,$26.61,"$228,934,788","$3,571,074,791"
"Sep 04, 2022",$26.20,$26.40,$25.91,$26.39,"$234,120,296","$3,541,573,966"
"Sep 03, 2022",$26.29,$26.41,$25.98,$26.20,"$249,770,852","$3,515,925,768"
"Sep 02, 2022",$26.90,$27.15,$26.09,$26.29,"$241,844,176","$3,528,846,519"
"Sep 01, 2022",$26.68,$26.97,$26.14,$26.90,"$269,455,003","$3,610,708,850"
"Aug 31, 2022",$26.56,$27.71,$26.51,$26.67,"$295,342,037","$3,579,857,285"
"Aug 30, 2022",$27.35,$27.68,$26.08,$26.55,"$305,951,055","$3,563,579,161"
"Aug 29, 2022",$25.41,$27.39,$25.37,$27.35,"$285,371,480","$3,674,229,118"
"Aug 28, 2022",$25.80,$26.07,$25.23,$25.41,"$253,230,056","$3,413,785,830"
"Aug 27, 2022",$25.95,$26.07,$25.50,$25.80,"$281,599,137","$3,466,296,419"
"Aug 26, 2022",$27.96,$28.08,$25.85,$25.96,"$288,373,686","$3,486,751,111"
"Aug 25, 2022",$27.56,$28.26,$27.56,$27.97,"$242,736,431","$3,756,759,521"
"Aug 24, 2022",$27.79,$28.03,$27.26,$27.56,"$240,868,400","$3,702,202,115"
"Aug 23, 2022",$27.72,$27.97,$26.95,$27.79,"$271,248,919","$3,733,237,618"
"Aug 22, 2022",$27.72,$27.74,$26.55,$27.72,"$319,620,502","$3,723,583,267"
"Aug 21, 2022",$26.72,$27.91,$26.71,$27.72,"$337,419,106","$3,727,141,976"
"Aug 20, 2022",$26.43,$27.22,$26.24,$26.73,"$308,601,163","$3,594,309,806"
"Aug 19, 2022",$29.92,$29.95,$26.40,$26.44,"$361,184,582","$3,554,680,776"
"Aug 18, 2022",$30.09,$30.52,$29.85,$29.92,"$308,200,496","$4,022,940,089"
"Aug 17, 2022",$30.70,$31.45,$30.02,$30.09,"$325,561,107","$4,045,103,551"
"Aug 16, 2022",$30.88,$31.09,$30.42,$30.71,"$326,789,460","$4,128,637,801"
"Aug 15, 2022",$30.86,$31.86,$30.25,$30.90,"$347,039,125","$4,159,751,309"
"Aug 14, 2022",$31.32,$31.95,$30.71,$30.87,"$284,540,390","$4,154,858,911"
"Aug 13, 2022",$31.22,$31.86,$31.14,$31.31,"$307,973,186","$4,214,924,563"
"Aug 12, 2022",$30.53,$31.22,$30.02,$31.22,"$323,806,658","$4,201,820,840"
"Aug 11, 2022",$31.35,$32.60,$30.40,$30.53,"$478,916,955","$4,108,924,588"
"Aug 10, 2022",$29.89,$31.54,$29.23,$31.35,"$366,699,091","$4,219,480,675"
"Aug 09, 2022",$31.49,$31.58,$29.52,$29.90,"$372,568,926","$4,024,719,009"
"Aug 08, 2022",$30.67,$32.10,$30.42,$31.49,"$73,993,073","$4,241,149,513"
"Aug 07, 2022",$30.42,$31.00,$30.15,$30.67,"$37,216,077","$4,131,052,450"
"Aug 06, 2022",$30.75,$30.87,$30.41,$30.42,"$45,753,752","$4,097,029,678"
"Aug 05, 2022",$29.13,$30.75,$29.11,$30.75,"$79,943,022","$4,142,013,743"
"Aug 04, 2022",$29.11,$29.64,$28.81,$29.14,"$53,644,103","$3,925,076,379"
"Aug 03, 2022",$29.42,$29.97,$28.78,$29.11,"$63,183,501","$3,921,446,809"
"Aug 02, 2022",$30.80,$30.95,$28.87,$29.41,"$98,206,781","$3,961,989,819"
"Aug 01, 2022",$30.41,$30.91,$29.89,$30.82,"$76,274,492","$4,155,273,563"
"Jul 31, 2022",$30.97,$31.60,$30.37,$30.41,"$69,950,678","$4,100,102,499"
"Jul 30, 2022",$31.13,$32.37,$30.82,$30.96,"$101,953,470","$4,175,374,168"
"Jul 29, 2022",$30.25,$31.54,$29.92,$31.13,"$112,920,073","$4,198,139,523"
"Jul 28, 2022",$29.40,$30.67,$28.76,$30.25,"$98,348,029","$4,078,627,664"
"Jul 27, 2022",$27.03,$29.41,$26.70,$29.40,"$97,716,645","$3,964,207,363"
"Jul 26, 2022",$27.08,$27.08,$26.03,$27.03,"$76,045,176","$3,644,181,979"
"Jul 25, 2022",$29.14,$29.24,$27.09,$27.11,"$87,411,008","$3,660,057,886"
"Jul 24, 2022",$28.54,$29.69,$28.40,$29.14,"$68,046,800","$3,944,680,258"
"Jul 23, 2022",$28.97,$29.69,$27.94,$28.54,"$76,240,819","$3,862,565,097"
"Jul 22, 2022",$29.50,$30.46,$28.78,$28.98,"$102,499,338","$3,922,029,967"
"Jul 21, 2022",$28.78,$29.61,$27.87,$29.50,"$67,721,043","$3,993,101,032"
"Jul 20, 2022",$29.13,$30.18,$28.65,$28.78,"$95,532,757","$3,895,808,777"
"Jul 19, 2022",$29.95,$30.18,$28.10,$29.13,"$141,368,235","$3,942,415,181"
"Jul 18, 2022",$27.60,$29.97,$27.60,$29.97,"$118,772,336","$4,055,929,910"
"Jul 17, 2022",$27.97,$28.71,$27.56,$27.61,"$65,650,963","$3,736,477,128"
"Jul 16, 2022",$26.79,$28.35,$26.38,$27.97,"$69,694,217","$3,785,647,750"
"Jul 15, 2022",$25.86,$27.28,$25.68,$26.79,"$71,863,746","$3,625,657,543"
"Jul 14, 2022",$24.97,$26.16,$24.48,$25.85,"$77,248,758","$3,499,104,547"
"Jul 13, 2022",$23.89,$24.97,$23.30,$24.97,"$73,655,513","$3,379,281,375"
"Jul 12, 2022",$25.01,$25.07,$23.87,$23.88,"$53,637,510","$3,232,510,130"
"Jul 11, 2022",$25.89,$25.91,$24.88,$25.00,"$61,693,788","$3,383,260,944"
"Jul 10, 2022",$27.13,$27.13,$25.66,$25.90,"$49,195,211","$3,505,504,961"
"Jul 09, 2022",$27.46,$27.60,$27.09,$27.14,"$48,904,583","$3,672,820,124"
"Jul 08, 2022",$27.46,$28.15,$26.89,$27.47,"$109,750,662","$3,717,463,132"
"Jul 07, 2022",$26.27,$27.71,$25.98,$27.46,"$107,524,576","$3,716,561,521"
"Jul 06, 2022",$25.20,$26.44,$24.83,$26.27,"$97,487,606","$3,554,966,454"
"Jul 05, 2022",$25.92,$26.17,$24.47,$25.19,"$89,704,771","$3,409,686,085"
"Jul 04, 2022",$24.37,$25.97,$23.97,$25.92,"$69,397,271","$3,508,561,434"
"Jul 03, 2022",$24.62,$24.63,$23.79,$24.37,"$54,348,144","$3,298,915,386"
"Jul 02, 2022",$24.57,$24.76,$24.13,$24.63,"$41,676,929","$3,333,120,627"
"Jul 01, 2022",$24.56,$25.42,$24.09,$24.56,"$95,724,750","$3,323,660,826"
"Jun 30, 2022",$24.84,$24.92,$23.13,$24.53,"$88,064,137","$3,320,460,241"
"Jun 29, 2022",$25.63,$25.84,$24.73,$24.83,"$81,568,848","$3,360,571,936"
"Jun 28, 2022",$27.16,$27.74,$25.59,$25.63,"$93,118,456","$3,469,603,325"
"Jun 27, 2022",$27.15,$28.03,$26.71,$27.16,"$84,106,910","$3,679,857,254"
"Jun 26, 2022",$27.92,$28.88,$27.14,$27.15,"$82,649,675","$3,678,588,833"
"Jun 25, 2022",$26.74,$27.94,$26.23,$27.93,"$105,540,678","$3,783,367,721"
"Jun 24, 2022",$26.33,$27.07,$25.44,$26.73,"$76,694,895","$3,621,311,759"
"Jun 23, 2022",$25.21,$26.41,$25.14,$26.33,"$72,644,447","$3,567,184,559"
"Jun 22, 2022",$27.34,$27.37,$25.15,$25.21,"$88,111,964","$3,414,672,120"
"Jun 21, 2022",$26.71,$28.10,$26.43,$27.34,"$96,667,837","$3,703,594,412"
"Jun 20, 2022",$25.03,$26.85,$24.04,$26.71,"$113,353,662","$3,624,263,567"
"Jun 19, 2022",$22.83,$25.35,$21.74,$25.03,"$82,254,305","$3,397,471,914"
"Jun 18, 2022",$24.35,$24.69,$21.18,$22.83,"$78,110,609","$3,098,358,918"
"Jun 17, 2022",$23.26,$25.01,$23.19,$24.35,"$61,006,610","$3,304,655,673"
"Jun 16, 2022",$25.49,$25.84,$23.04,$23.26,"$97,884,414","$3,156,944,376"
"Jun 15, 2022",$24.02,$25.49,$21.15,$25.49,"$175,593,699","$3,459,577,941"
"Jun 14, 2022",$24.44,$24.62,$22.46,$24.03,"$167,885,736","$3,265,421,599"
"Jun 13, 2022",$28.08,$28.08,$23.95,$24.45,"$246,822,186","$3,322,543,175"
"Jun 12, 2022",$27.41,$29.27,$26.67,$28.09,"$155,162,943","$3,818,272,610"
"Jun 11, 2022",$27.59,$28.04,$26.62,$27.40,"$72,285,669","$3,724,011,184"
"Jun 10, 2022",$28.53,$28.65,$27.39,$27.58,"$66,138,535","$3,749,216,403"
"Jun 09, 2022",$28.13,$29.06,$27.98,$28.54,"$78,732,158","$3,878,449,345"
"Jun 08, 2022",$27.07,$28.39,$26.50,$28.13,"$98,967,381","$3,823,320,462"
"Jun 07, 2022",$27.37,$27.41,$25.29,$27.06,"$98,161,552","$3,678,586,207"
"Jun 06, 2022",$26.14,$27.60,$26.13,$27.37,"$67,748,297","$3,722,980,075"
"Jun 05, 2022",$25.98,$26.33,$25.72,$26.13,"$32,776,523","$3,555,389,238"
"Jun 04, 2022",$25.99,$26.04,$25.59,$25.98,"$31,139,781","$3,533,860,704"
"Jun 03, 2022",$27.14,$27.27,$25.83,$25.99,"$66,267,249","$3,536,465,705"
"Jun 02, 2022",$26.91,$27.24,$26.48,$27.14,"$54,155,704","$3,692,188,908"
"Jun 01, 2022",$28.96,$29.09,$26.60,$26.91,"$74,761,384","$3,660,383,517"
"May 31, 2022",$29.17,$29.42,$28.57,$28.95,"$76,132,474","$3,938,613,905"
"May 30, 2022",$27.27,$29.31,$27.15,$29.17,"$81,788,957","$3,971,807,139"
"May 29, 2022",$27.11,$27.34,$26.81,$27.27,"$33,322,014","$3,713,099,714"
"May 28, 2022",$26.75,$27.19,$26.40,$27.11,"$48,713,405","$3,691,312,118"
"May 27, 2022",$27.58,$27.63,$26.33,$26.40,"$88,948,300","$3,594,789,029"
"May 26, 2022",$29.01,$29.31,$26.68,$27.60,"$92,549,738","$3,758,113,849"
"May 25, 2022",$29.82,$30.22,$28.80,$29.01,"$67,058,277","$3,950,656,837"
"May 24, 2022",$29.67,$30.01,$28.80,$29.83,"$83,974,424","$4,065,465,928"
"May 23, 2022",$30.80,$31.09,$29.56,$29.68,"$68,959,904","$4,045,118,246"
"May 22, 2022",$30.09,$30.89,$29.99,$30.80,"$28,634,477","$4,197,829,129"
"May 21, 2022",$29.77,$30.27,$29.56,$30.09,"$28,410,998","$4,101,188,185"
"May 20, 2022",$30.92,$31.20,$29.29,$29.78,"$64,290,536","$4,058,748,987"
"May 19, 2022",$29.70,$31.13,$29.64,$30.92,"$91,229,364","$4,214,566,569"
"May 18, 2022",$32.04,$32.18,$29.70,$29.70,"$57,969,635","$4,047,879,588"
"May 17, 2022",$31.88,$32.58,$31.27,$32.04,"$65,212,404","$4,367,021,306"
"May 16, 2022",$32.66,$32.66,$30.92,$31.88,"$98,131,746","$4,344,863,178"
"May 15, 2022",$31.60,$32.66,$30.97,$32.65,"$52,485,289","$4,457,383,033"
"May 14, 2022",$30.83,$31.63,$29.99,$31.60,"$67,219,149","$4,314,144,819"
"May 13, 2022",$29.69,$32.48,$29.40,$30.83,"$159,660,019","$4,208,857,396"
"May 12, 2022",$29.72,$31.17,$26.46,$29.72,"$326,184,899","$4,058,460,537"
"May 11, 2022",$33.13,$33.55,$26.99,$29.71,"$327,328,745","$4,057,195,729"
"May 10, 2022",$30.50,$34.75,$29.80,$33.13,"$208,466,568","$4,523,971,727"
"May 09, 2022",$33.85,$34.05,$30.50,$30.54,"$183,946,756","$4,176,475,242"
"May 08, 2022",$35.12,$35.14,$33.64,$33.84,"$65,752,745","$4,628,484,516"
"May 07, 2022",$35.91,$35.95,$34.66,$35.11,"$47,128,404","$4,802,361,260"
"May 06, 2022",$36.23,$36.28,$35.11,$35.91,"$86,427,078","$4,911,086,022"
"May 05, 2022",$39.56,$39.77,$35.95,$36.24,"$106,549,306","$4,955,891,187"
"May 04, 2022",$37.81,$39.68,$37.79,$39.56,"$81,135,956","$5,411,046,054"
"May 03, 2022",$39.06,$39.20,$37.71,$37.81,"$58,289,479","$5,171,078,978"
"May 02, 2022",$39.14,$39.87,$38.64,$39.06,"$95,786,410","$5,347,310,240"
"May 01, 2022",$38.00,$39.24,$37.91,$39.13,"$83,860,244","$5,357,499,256"
"Apr 30, 2022",$38.79,$39.17,$37.97,$38.01,"$70,144,020","$5,203,412,609"
"Apr 29, 2022",$40.23,$40.39,$38.48,$38.78,"$71,311,704","$5,309,162,789"
"Apr 28, 2022",$39.60,$40.74,$39.41,$40.25,"$83,079,016","$5,510,606,446"
"Apr 27, 2022",$38.69,$39.76,$38.51,$39.60,"$84,398,879","$5,421,457,141"
"Apr 26, 2022",$41.89,$42.17,$38.55,$38.68,"$120,650,067","$5,295,165,538"
"Apr 25, 2022",$40.79,$41.97,$39.70,$41.90,"$123,324,358","$5,735,963,663"
"Apr 24, 2022",$41.11,$41.42,$40.61,$40.80,"$80,412,415","$5,589,143,587"
"Apr 23, 2022",$41.43,$41.67,$40.94,$41.12,"$66,215,956","$5,633,591,995"
"Apr 22, 2022",$42.17,$42.66,$41.03,$41.42,"$134,189,850","$5,673,922,752"
"Apr 21, 2022",$42.79,$44.98,$41.89,$42.17,"$230,396,552","$5,777,397,395"
"Apr 20, 2022",$43.53,$44.18,$42.44,$42.79,"$126,652,307","$5,862,090,259"
"Apr 19, 2022",$43.40,$43.96,$42.99,$43.53,"$122,393,308","$5,963,286,841"
"Apr 18, 2022",$44.84,$44.84,$40.46,$43.40,"$331,875,745","$5,948,966,119"
"Apr 17, 2022",$41.85,$48.28,$41.68,$44.83,"$428,721,224","$6,145,185,342"
"Apr 16, 2022",$42.61,$42.97,$41.42,$41.85,"$84,586,666","$5,736,629,413"
"Apr 15, 2022",$41.72,$43.08,$41.66,$42.60,"$160,571,776","$5,839,918,817"
"Apr 14, 2022",$42.88,$43.29,$41.47,$41.72,"$49,318,422","$5,718,584,303"
"Apr 13, 2022",$41.82,$42.99,$41.46,$42.89,"$53,828,176","$5,878,485,334"
"Apr 12, 2022",$41.42,$42.64,$41.15,$41.83,"$70,746,933","$5,733,065,201"
"Apr 11, 2022",$45.08,$45.21,$41.26,$41.42,"$136,476,473","$5,681,424,113"
"Apr 10, 2022",$45.66,$46.36,$45.02,$45.12,"$50,078,175","$6,188,740,919"
"Apr 09, 2022",$44.72,$45.67,$44.70,$45.66,"$48,219,079","$6,263,215,622"
"Apr 08, 2022",$45.63,$46.45,$44.60,$44.73,"$102,532,107","$6,135,261,913"
"Apr 07, 2022",$45.10,$46.07,$44.71,$45.63,"$89,519,503","$6,259,847,106"
"Apr 06, 2022",$48.56,$48.56,$45.10,$45.10,"$145,444,269","$6,186,380,884"
"Apr 05, 2022",$50.13,$50.96,$48.56,$48.57,"$139,832,196","$6,662,321,634"
"Apr 04, 2022",$50.45,$50.45,$48.91,$50.13,"$119,579,446","$6,883,097,264"
"Apr 03, 2022",$49.72,$51.23,$49.43,$50.46,"$100,486,929","$6,927,560,482"
"Apr 02, 2022",$50.49,$51.19,$49.63,$49.73,"$145,408,272","$6,827,643,009"
"Apr 01, 2022",$48.90,$51.13,$47.59,$50.49,"$161,010,469","$6,932,638,920"
"Mar 31, 2022",$51.16,$51.69,$48.71,$48.89,"$158,985,625","$6,711,884,132"
"Mar 30, 2022",$51.09,$52.09,$50.16,$51.16,"$142,498,209","$7,024,744,084"
"Mar 29, 2022",$51.70,$52.50,$50.47,$51.10,"$165,779,148","$7,015,410,325"
"Mar 28, 2022",$51.96,$53.19,$51.58,$51.73,"$159,643,415","$7,101,864,664"
"Mar 27, 2022",$49.92,$52.20,$49.64,$51.96,"$124,360,636","$7,138,823,042"
"Mar 26, 2022",$49.75,$50.54,$49.58,$49.92,"$94,919,252","$6,858,211,801"
"Mar 25, 2022",$49.45,$51.43,$49.16,$49.75,"$238,255,458","$6,835,056,878"
"Mar 24, 2022",$46.20,$49.54,$45.96,$49.45,"$233,701,211","$6,793,467,347"
"Mar 23, 2022",$45.31,$46.27,$44.74,$46.21,"$121,195,412","$6,348,099,162"
"Mar 22, 2022",$44.76,$46.63,$44.51,$45.32,"$133,332,329","$6,225,666,937"
"Mar 21, 2022",$44.00,$45.04,$43.57,$44.77,"$102,151,456","$6,155,539,001"
"Mar 20, 2022",$44.89,$45.01,$43.55,$44.01,"$66,404,367","$6,050,928,715"
"Mar 19, 2022",$44.64,$45.24,$44.44,$44.89,"$83,632,390","$6,172,045,901"
"Mar 18, 2022",$43.10,$45.06,$42.53,$44.64,"$103,892,821","$6,138,146,357"
"Mar 17, 2022",$42.75,$43.38,$42.47,$43.11,"$82,009,865","$5,926,665,844"
"Mar 16, 2022",$41.07,$42.80,$40.71,$42.75,"$130,839,271","$5,877,847,409"
"Mar 15, 2022",$41.50,$41.53,$40.12,$41.07,"$76,005,446","$5,646,374,653"
"Mar 14, 2022",$39.96,$41.56,$39.71,$41.50,"$95,079,930","$5,709,592,917"
"Mar 13, 2022",$41.04,$41.38,$39.86,$39.96,"$60,117,329","$5,497,571,992"
"Mar 12, 2022",$40.87,$41.43,$40.79,$41.05,"$47,112,203","$5,647,975,972"
"Mar 11, 2022",$40.79,$41.92,$39.83,$40.87,"$103,824,661","$5,622,720,440"
"Mar 10, 2022",$42.83,$42.83,$40.27,$40.78,"$97,495,286","$5,610,233,159"
"Mar 09, 2022",$40.56,$43.36,$40.52,$42.84,"$105,633,764","$5,893,315,550"
"Mar 08, 2022",$39.83,$41.20,$39.70,$40.56,"$112,500,475","$5,579,508,367"
"Mar 07, 2022",$39.83,$40.90,$38.75,$39.84,"$128,316,327","$5,485,285,753"
"Mar 06, 2022",$41.16,$41.36,$39.72,$39.82,"$87,950,541","$5,482,919,916"
"Mar 05, 2022",$40.46,$41.49,$39.89,$41.16,"$72,845,508","$5,667,522,648"
"Mar 04, 2022",$44.88,$44.89,$40.14,$40.44,"$146,707,685","$5,568,808,489"
"Mar 03, 2022",$46.22,$46.38,$43.93,$44.88,"$125,088,024","$6,179,309,863"
"Mar 02, 2022",$46.23,$47.39,$45.63,$46.22,"$219,330,162","$6,364,025,062"
"Mar 01, 2022",$45.97,$47.63,$45.30,$46.23,"$174,979,161","$6,365,999,830"
"Feb 28, 2022",$41.57,$46.36,$41.25,$45.97,"$170,942,168","$6,335,885,837"
"Feb 27, 2022",$43.32,$44.19,$41.16,$41.57,"$114,052,824","$5,729,229,630"
"Feb 26, 2022",$43.05,$44.05,$42.78,$43.32,"$92,682,640","$5,970,840,679"
"Feb 25, 2022",$41.27,$43.54,$41.17,$43.05,"$144,613,652","$5,933,303,299"
"Feb 24, 2022",$40.87,$42.11,$37.38,$41.27,"$277,653,914","$5,687,799,107"
"Feb 23, 2022",$41.56,$43.23,$40.78,$40.89,"$135,407,171","$5,634,889,104"
"Feb 22, 2022",$39.87,$41.64,$39.19,$41.56,"$163,749,893","$5,727,091,375"
"Feb 21, 2022",$40.90,$42.51,$39.82,$39.88,"$175,079,607","$5,500,456,092"
"Feb 20, 2022",$42.80,$42.80,$40.37,$40.91,"$96,061,232","$5,642,227,280"
"Feb 19, 2022",$43.13,$43.62,$41.95,$42.79,"$59,565,367","$5,901,658,565"
"Feb 18, 2022",$43.67,$44.36,$42.61,$43.13,"$105,147,366","$5,949,144,969"
"Feb 17, 2022",$46.48,$46.77,$43.33,$43.65,"$131,524,276","$6,020,784,636"
"Feb 16, 2022",$47.20,$47.20,$45.90,$46.52,"$120,457,112","$6,415,648,369"
"Feb 15, 2022",$44.88,$47.37,$44.70,$47.20,"$123,599,645","$6,514,850,165"
"Feb 14, 2022",$44.49,$45.03,$43.48,$44.87,"$133,584,065","$6,193,683,090"
"Feb 13, 2022",$44.18,$45.33,$44.02,$44.53,"$126,229,968","$6,145,757,018"
"Feb 12, 2022",$43.43,$44.85,$42.96,$44.18,"$103,863,371","$6,098,581,579"
"Feb 11, 2022",$44.89,$45.29,$42.98,$43.43,"$148,046,248","$5,994,169,181"
"Feb 10, 2022",$47.92,$48.35,$44.82,$44.91,"$222,192,927","$6,198,811,108"
"Feb 09, 2022",$46.47,$48.18,$45.66,$47.91,"$155,450,453","$6,613,283,940"
"Feb 08, 2022",$47.21,$48.44,$45.43,$46.48,"$150,993,816","$6,420,632,401"
"Feb 07, 2022",$46.62,$48.33,$45.91,$47.20,"$161,879,165","$6,521,167,921"
"Feb 06, 2022",$46.22,$46.71,$45.28,$46.62,"$91,591,911","$6,440,721,933"
"Feb 05, 2022",$45.97,$46.93,$45.17,$46.22,"$148,972,924","$6,385,160,622"
"Feb 04, 2022",$42.55,$45.97,$42.55,$45.97,"$196,845,117","$6,350,497,451"
"Feb 03, 2022",$42.92,$43.11,$40.97,$42.54,"$160,007,542","$5,876,677,056"
"Feb 02, 2022",$45.24,$46.13,$42.46,$42.93,"$218,101,272","$5,930,474,471"
"Feb 01, 2022",$43.67,$48.09,$42.89,$45.24,"$270,307,330","$6,249,987,028"
"Jan 31, 2022",$41.10,$44.03,$39.68,$43.67,"$214,377,542","$6,033,153,311"
"Jan 30, 2022",$41.68,$41.81,$40.38,$41.10,"$94,281,559","$5,681,115,894"
"Jan 29, 2022",$40.04,$41.88,$40.00,$41.66,"$127,993,564","$5,758,993,795"
"Jan 28, 2022",$38.28,$40.11,$37.76,$40.04,"$147,899,771","$5,535,396,444"
"Jan 27, 2022",$36.52,$39.69,$35.24,$38.29,"$239,496,652","$5,293,201,126"
"Jan 26, 2022",$36.44,$38.76,$35.72,$36.53,"$233,485,001","$5,050,156,823"
"Jan 25, 2022",$35.61,$37.07,$34.64,$36.44,"$177,316,287","$5,037,595,147"
"Jan 24, 2022",$35.96,$36.02,$31.55,$35.61,"$279,762,526","$4,931,251,229"
"Jan 23, 2022",$33.52,$36.38,$33.42,$35.95,"$208,947,148","$4,978,703,197"
"Jan 22, 2022",$38.47,$39.34,$32.32,$33.48,"$426,607,717","$4,635,489,010"
"Jan 21, 2022",$45.24,$45.80,$37.84,$38.46,"$483,332,085","$5,325,017,627"
"Jan 20, 2022",$46.73,$49.85,$45.22,$45.23,"$259,571,675","$6,262,566,518"
"Jan 19, 2022",$44.96,$46.91,$43.33,$46.73,"$314,698,212","$6,471,441,625"
"Jan 18, 2022",$44.40,$45.11,$43.01,$44.96,"$210,222,570","$6,230,372,283"
"Jan 17, 2022",$46.44,$46.53,$44.00,$44.40,"$265,485,755","$6,152,504,982"
"Jan 16, 2022",$46.06,$46.58,$45.29,$46.42,"$203,763,297","$6,433,071,206"
"Jan 15, 2022",$44.63,$47.21,$44.44,$46.07,"$336,785,488","$6,383,257,199"
"Jan 14, 2022",$40.93,$44.63,$40.79,$44.60,"$298,873,970","$6,180,232,432"
"Jan 13, 2022",$41.44,$42.43,$40.70,$40.93,"$161,102,266","$5,672,175,340"
"Jan 12, 2022",$39.75,$41.70,$39.66,$41.43,"$153,137,840","$5,741,570,282"
"Jan 11, 2022",$38.09,$39.90,$37.79,$39.73,"$190,065,412","$5,513,847,380"
"Jan 10, 2022",$37.21,$38.28,$35.52,$38.09,"$267,367,329","$5,285,361,428"
"Jan 09, 2022",$35.24,$37.66,$35.11,$37.21,"$134,175,443","$5,164,194,565"
"Jan 08, 2022",$35.49,$36.41,$34.06,$35.23,"$177,662,146","$4,888,966,442"
"Jan 07, 2022",$38.67,$38.68,$35.07,$35.49,"$273,621,710","$4,925,339,354"
"Jan 06, 2022",$38.20,$39.33,$36.60,$38.67,"$297,226,165","$5,365,892,667"
"Jan 05, 2022",$41.44,$42.73,$37.47,$38.22,"$371,986,381","$5,303,229,124"
"Jan 04, 2022",$40.23,$43.61,$39.41,$41.44,"$412,255,574","$5,750,154,006"
"Jan 03, 2022",$40.18,$41.30,$39.43,$40.22,"$300,750,368","$5,587,869,893"
"Jan 02, 2022",$40.19,$40.56,$39.45,$40.18,"$107,738,879","$5,582,232,199"
"Jan 01, 2022",$38.31,$40.20,$38.29,$40.20,"$104,359,675","$5,585,195,041"
"Dec 31, 2021",$38.93,$40.26,$38.10,$38.31,"$204,255,040","$5,322,575,530"
"Dec 30, 2021",$38.55,$40.36,$38.08,$38.94,"$140,095,888","$5,408,997,806"
"Dec 29, 2021",$40.06,$40.48,$38.10,$38.57,"$126,615,753","$5,358,027,072"
"Dec 28, 2021",$42.60,$42.60,$39.50,$40.09,"$155,064,209","$5,568,913,065"
"Dec 27, 2021",$42.62,$43.61,$42.20,$42.59,"$111,725,836","$5,919,946,280"
"Dec 26, 2021",$42.76,$42.97,$42.02,$42.59,"$78,209,252","$5,920,513,510"
"Dec 25, 2021",$42.73,$43.23,$42.50,$42.78,"$67,134,520","$5,946,505,796"
"Dec 24, 2021",$43.10,$43.65,$42.33,$42.71,"$114,811,105","$5,936,304,108"
"Dec 23, 2021",$41.35,$43.44,$40.82,$43.08,"$106,057,012","$5,988,347,197"
"Dec 22, 2021",$41.98,$42.57,$41.12,$41.36,"$108,300,522","$5,748,524,713"
"Dec 21, 2021",$40.53,$42.62,$40.49,$41.99,"$116,765,919","$5,836,046,717"
"Dec 20, 2021",$39.74,$40.67,$38.50,$40.53,"$126,430,007","$5,638,636,006"
"Dec 19, 2021",$39.91,$41.08,$39.49,$39.75,"$88,118,570","$5,531,165,025"
"Dec 18, 2021",$37.57,$40.28,$37.33,$39.90,"$110,481,936","$5,551,079,009"
"Dec 17, 2021",$38.38,$38.70,$36.06,$37.55,"$104,962,261","$5,224,150,068"
"Dec 16, 2021",$39.24,$39.59,$38.30,$38.37,"$86,864,718","$5,344,197,983"
"Dec 15, 2021",$38.86,$39.73,$36.91,$39.25,"$120,291,372","$5,467,430,077"
"Dec 14, 2021",$37.71,$38.94,$37.28,$37.46,"$105,322,462","$5,217,359,483"
"Dec 13, 2021",$41.31,$42.05,$37.14,$37.74,"$121,077,682","$5,256,726,590"
"Dec 12, 2021",$40.43,$41.75,$39.95,$41.29,"$77,996,220","$5,750,989,641"
"Dec 11, 2021",$38.68,$40.51,$38.23,$40.50,"$98,435,572","$5,641,346,627"
"Dec 10, 2021",$40.24,$41.06,$38.54,$38.69,"$140,864,858","$5,389,385,070"
"Dec 09, 2021",$44.02,$44.30,$39.75,$40.26,"$145,419,865","$5,608,069,324"
"Dec 08, 2021",$42.91,$44.16,$41.38,$44.06,"$154,284,909","$6,137,004,467"
"Dec 07, 2021",$44.04,$44.73,$42.50,$42.96,"$164,219,741","$5,984,252,415"
"Dec 06, 2021",$43.87,$44.35,$40.15,$44.03,"$210,328,049","$6,140,529,415"
"Dec 05, 2021",$44.02,$44.70,$42.06,$43.87,"$251,387,547","$6,118,740,844"
"Dec 04, 2021",$47.12,$47.30,$38.17,$44.01,"$363,947,802","$6,137,176,583"
"Dec 03, 2021",$49.38,$49.83,$45.74,$47.02,"$277,398,566","$6,558,073,404"
"Dec 02, 2021",$50.82,$50.82,$48.25,$49.35,"$277,949,885","$6,881,781,114"
"Dec 01, 2021",$50.63,$51.66,$49.48,$50.82,"$198,669,367","$7,087,555,122"
"Nov 30, 2021",$51.70,$52.37,$49.98,$50.69,"$175,237,498","$7,069,903,316"
"Nov 29, 2021",$50.90,$52.05,$50.24,$51.69,"$164,329,786","$7,216,049,932"
"Nov 28, 2021",$48.14,$50.91,$46.24,$50.81,"$160,713,813","$7,093,156,664"
"Nov 27, 2021",$47.57,$49.13,$47.40,$48.13,"$157,623,121","$6,718,805,480"
"Nov 26, 2021",$53.00,$53.15,$46.68,$47.41,"$237,977,097","$6,618,453,513"
"Nov 25, 2021",$50.09,$53.12,$49.87,$50.38,"$160,016,297","$7,032,676,188"
"Nov 24, 2021",$50.53,$50.85,$48.11,$49.37,"$173,479,156","$6,899,420,642"
"Nov 23, 2021",$49.40,$51.29,$48.88,$50.55,"$175,933,838","$7,064,105,201"
"Nov 22, 2021",$51.85,$51.92,$47.65,$49.42,"$195,790,624","$6,905,539,161"
"Nov 21, 2021",$53.38,$53.44,$51.59,$51.91,"$104,381,379","$7,253,205,318"
"Nov 20, 2021",$52.49,$53.45,$50.83,$53.39,"$128,937,942","$7,460,152,728"
"Nov 19, 2021",$50.27,$52.79,$49.36,$52.48,"$220,706,077","$7,333,622,385"
"Nov 18, 2021",$51.56,$52.34,$46.83,$50.38,"$241,169,073","$7,040,210,903"
"Nov 17, 2021",$50.36,$51.68,$49.51,$51.55,"$274,967,241","$6,186,585,164"
"Nov 16, 2021",$55.01,$55.04,$48.53,$50.38,"$438,425,661","$6,045,759,424"
"Nov 15, 2021",$56.01,$57.44,$54.87,$54.87,"$192,713,440","$6,585,653,945"
"Nov 14, 2021",$55.74,$56.54,$54.77,$55.98,"$258,609,283","$6,718,619,093"
"Nov 13, 2021",$58.02,$58.29,$54.49,$55.77,"$345,648,204","$6,693,372,480"
"Nov 12, 2021",$59.24,$60.14,$56.16,$58.03,"$247,368,429","$6,964,487,780"
"Nov 11, 2021",$59.03,$60.54,$58.42,$59.36,"$254,443,984","$7,124,146,305"
"Nov 10, 2021",$62.38,$64.44,$57.66,$59.02,"$377,677,040","$7,082,730,401"
"Nov 09, 2021",$65.26,$65.73,$61.86,$62.46,"$261,739,202","$7,495,896,317"
"Nov 08, 2021",$64.06,$65.62,$63.01,$65.36,"$384,854,575","$7,844,291,622"
"Nov 07, 2021",$61.58,$64.30,$61.10,$63.83,"$330,157,194","$7,660,465,801"
"Nov 06, 2021",$58.93,$61.54,$57.83,$61.54,"$233,111,389","$7,385,251,268"
"Nov 05, 2021",$59.68,$60.52,$58.23,$59.03,"$217,943,424","$7,084,862,131"
"Nov 04, 2021",$62.53,$62.69,$58.48,$59.66,"$259,114,936","$7,159,542,256"
"Nov 03, 2021",$61.18,$62.93,$59.78,$62.47,"$377,523,064","$7,497,738,143"
"Nov 02, 2021",$59.14,$61.29,$58.50,$61.18,"$293,113,261","$7,350,405,379"
"Nov 01, 2021",$59.38,$60.03,$57.44,$59.13,"$245,339,305","$7,105,001,463"
"Oct 31, 2021",$59.54,$60.24,$57.65,$59.38,"$190,438,801","$7,134,166,403"
"Oct 30, 2021",$61.33,$61.98,$58.85,$59.57,"$196,932,044","$7,157,777,209"
"Oct 29, 2021",$60.27,$61.85,$60.02,$61.26,"$276,725,425","$7,360,301,014"
"Oct 28, 2021",$57.97,$61.20,$57.29,$60.18,"$435,078,654","$7,230,542,261"
"Oct 27, 2021",$62.77,$64.24,$56.76,$58.04,"$568,510,592","$6,973,489,777"
"Oct 26, 2021",$65.67,$69.66,$62.44,$62.76,"$479,508,779","$7,540,022,573"
"Oct 25, 2021",$61.82,$66.03,$61.63,$65.59,"$288,522,279","$7,887,907,837"
"Oct 24, 2021",$63.45,$63.66,$60.04,$61.91,"$189,355,198","$7,445,383,235"
"Oct 23, 2021",$62.84,$63.81,$60.96,$63.48,"$248,247,543","$7,633,869,442"
"Oct 22, 2021",$61.57,$66.35,$61.57,$62.86,"$563,978,835","$7,566,157,282"
"Oct 21, 2021",$61.37,$67.49,$60.03,$61.59,"$1,168,532,353","$7,413,232,260"
"Oct 20, 2021",$57.07,$62.30,$56.51,$61.32,"$480,588,071","$7,381,070,151"
"Oct 19, 2021",$55.53,$57.14,$55.25,$57.08,"$160,006,375","$6,869,811,390"
"Oct 18, 2021",$56.39,$57.36,$53.77,$55.48,"$240,276,497","$6,678,147,452"
"Oct 17, 2021",$56.31,$57.35,$54.70,$56.40,"$152,460,938","$6,788,000,704"
"Oct 16, 2021",$56.99,$57.99,$56.00,$56.39,"$179,260,062","$6,787,581,008"
"Oct 15, 2021",$55.47,$58.17,$54.71,$56.97,"$318,536,829","$6,862,503,492"
"Oct 14, 2021",$54.09,$56.06,$53.76,$55.43,"$301,360,082","$6,677,184,788"
"Oct 13, 2021",$52.83,$54.12,$51.66,$54.12,"$276,005,714","$6,518,619,410"
"Oct 12, 2021",$54.57,$54.57,$51.54,$52.85,"$249,473,837","$6,365,927,154"
"Oct 11, 2021",$53.51,$55.48,$53.02,$54.55,"$207,093,563","$6,571,033,921"
"Oct 10, 2021",$55.93,$56.23,$53.05,$53.65,"$175,902,026","$6,462,340,360"
"Oct 09, 2021",$55.08,$56.71,$54.72,$55.94,"$171,089,284","$6,738,360,362"
"Oct 08, 2021",$55.76,$57.41,$54.75,$55.13,"$276,539,245","$6,641,114,175"
"Oct 07, 2021",$56.77,$57.66,$54.92,$55.77,"$477,705,381","$6,717,693,884"
"Oct 06, 2021",$58.86,$61.84,$54.09,$56.79,"$814,439,145","$6,841,229,655"
"Oct 05, 2021",$55.91,$59.32,$54.88,$58.94,"$428,719,249","$7,099,484,976"
"Oct 04, 2021",$56.74,$57.01,$53.09,$55.83,"$429,342,170","$6,730,507,087"
"Oct 03, 2021",$56.14,$58.71,$55.24,$56.75,"$430,917,547","$6,840,450,730"
"Oct 02, 2021",$55.25,$58.11,$53.56,$56.17,"$487,894,633","$6,770,639,204"
"Oct 01, 2021",$51.68,$56.38,$51.09,$55.25,"$516,884,518","$6,659,759,078"
"Sep 30, 2021",$49.96,$52.85,$49.73,$51.57,"$424,051,422","$6,216,236,352"
"Sep 29, 2021",$48.23,$52.27,$48.04,$49.95,"$481,700,161","$6,020,733,960"
"Sep 28, 2021",$51.67,$52.97,$47.97,$48.15,"$481,719,624","$5,803,704,673"
"Sep 27, 2021",$55.93,$57.86,$51.71,$51.77,"$556,113,783","$6,246,337,562"
"Sep 26, 2021",$54.89,$59.32,$49.94,$55.86,"$974,027,302","$6,739,083,004"
"Sep 25, 2021",$52.92,$56.09,$50.76,$54.93,"$559,176,206","$6,627,222,376"
"Sep 24, 2021",$57.63,$57.79,$49.19,$52.98,"$807,456,856","$6,392,423,358"
"Sep 23, 2021",$55.78,$60.90,$54.59,$57.62,"$891,909,778","$6,958,865,710"
"Sep 22, 2021",$51.29,$58.10,$50.82,$55.83,"$743,203,675","$6,742,857,703"
"Sep 21, 2021",$52.93,$58.51,$48.11,$51.45,"$1,088,744,843","$6,214,481,969"
"Sep 20, 2021",$60.79,$60.88,$51.11,$52.50,"$929,415,230","$6,340,486,694"
"Sep 19, 2021",$63.65,$63.96,$59.98,$60.81,"$426,172,881","$7,344,824,289"
"Sep 18, 2021",$61.54,$66.42,$61.35,$63.76,"$583,894,130","$7,700,528,032"
"Sep 17, 2021",$67.48,$68.21,$58.72,$61.68,"$627,398,823","$7,448,855,071"
"Sep 16, 2021",$71.16,$71.52,$66.04,$67.48,"$488,691,046","$8,150,205,842"
"Sep 15, 2021",$67.68,$72.96,$66.72,$71.18,"$573,941,920","$8,596,992,623"
"Sep 14, 2021",$68.40,$69.12,$65.69,$67.71,"$793,934,478","$8,177,797,185"
"Sep 13, 2021",$73.53,$74.12,$64.91,$68.33,"$1,219,088,916","$8,258,586,257"
"Sep 12, 2021",$72.64,$77.95,$70.94,$73.53,"$984,520,795","$8,887,335,179"
"Sep 11, 2021",$72.81,$77.01,$71.93,$72.55,"$1,204,328,802","$8,768,803,047"
"Sep 10, 2021",$79.53,$83.25,$70.04,$72.94,"$2,321,776,361","$8,816,528,027"
"Sep 09, 2021",$77.69,$85.02,$71.89,$79.87,"$3,338,581,625","$9,654,039,687"
"Sep 08, 2021",$70.99,$78.63,$61.99,$76.19,"$2,855,900,399","$7,188,157,422"
"Sep 07, 2021",$73.31,$83.41,$63.38,$70.95,"$3,919,748,073","$6,693,804,988"
"Sep 06, 2021",$63.53,$77.35,$62.27,$73.35,"$2,040,937,192","$6,920,148,944"
"Sep 05, 2021",$60.89,$64.96,$59.51,$63.55,"$718,891,313","$5,995,518,551"
"Sep 04, 2021",$63.58,$65.47,$60.73,$60.90,"$1,057,002,301","$5,746,177,826"
"Sep 03, 2021",$60.16,$67.53,$58.27,$63.71,"$1,706,726,332","$6,010,809,833"
"Sep 02, 2021",$65.19,$70.21,$59.26,$60.34,"$2,142,182,067","$5,692,786,836"
"Sep 01, 2021",$48.51,$65.97,$47.18,$65.18,"$1,743,544,361","$6,149,711,774"
"Aug 31, 2021",$46.29,$52.23,$45.14,$48.50,"$569,408,049","$4,576,272,858"
"Aug 30, 2021",$47.44,$48.98,$45.63,$46.28,"$328,765,688","$4,366,294,818"
"Aug 29, 2021",$51.16,$51.58,$46.97,$47.44,"$650,923,696","$4,475,645,120"
"Aug 28, 2021",$49.50,$53.62,$48.04,$51.21,"$735,498,771","$4,831,341,650"
"Aug 27, 2021",$45.82,$49.56,$45.18,$49.47,"$212,876,963","$4,667,404,270"
"Aug 26, 2021",$49.59,$50.36,$44.91,$45.90,"$234,196,101","$4,330,670,188"
"Aug 25, 2021",$47.54,$50.02,$46.44,$49.55,"$215,499,799","$4,674,816,892"
"Aug 24, 2021",$50.70,$51.08,$45.96,$47.46,"$247,256,023","$4,477,822,664"
"Aug 23, 2021",$50.24,$51.97,$50.24,$50.67,"$259,182,533","$4,781,011,390"
"Aug 22, 2021",$51.31,$51.99,$48.48,$50.31,"$180,861,050","$4,746,772,013"
"Aug 21, 2021",$50.35,$52.02,$49.26,$51.29,"$395,393,447","$4,839,282,349"
"Aug 20, 2021",$49.74,$53.46,$47.84,$50.34,"$776,157,560","$4,749,434,464"
"Aug 19, 2021",$46.65,$49.78,$44.78,$49.75,"$238,540,039","$4,693,502,376"
"Aug 18, 2021",$44.72,$48.12,$43.71,$46.79,"$291,485,694","$4,414,533,043"
"Aug 17, 2021",$47.07,$48.82,$43.03,$44.76,"$548,324,820","$4,223,436,363"
"Aug 16, 2021",$51.47,$53.44,$45.02,$47.23,"$591,982,102","$4,456,475,060"
"Aug 15, 2021",$50.18,$51.94,$47.50,$51.47,"$200,505,588","$4,856,425,822"
"Aug 14, 2021",$50.64,$50.67,$46.83,$50.20,"$466,994,024","$4,736,012,203"
"Aug 13, 2021",$49.19,$54.11,$48.16,$50.59,"$584,539,037","$4,772,781,853"
"Aug 12, 2021",$50.51,$51.94,$47.62,$49.20,"$129,623,608","$4,641,978,229"
"Aug 11, 2021",$48.90,$52.71,$48.86,$50.55,"$154,539,827","$4,768,789,994"
"Aug 10, 2021",$48.82,$50.22,$47.51,$48.92,"$142,630,628","$4,615,141,495"
"Aug 09, 2021",$43.59,$49.46,$41.87,$48.89,"$194,827,185","$4,612,833,392"
"Aug 08, 2021",$44.91,$45.95,$42.59,$43.57,"$91,764,954","$4,110,417,706"
"Aug 07, 2021",$41.22,$44.96,$40.99,$44.69,"$108,458,523","$4,216,181,390"
"Aug 06, 2021",$39.93,$41.83,$39.42,$41.19,"$87,513,700","$3,886,021,984"
"Aug 05, 2021",$37.82,$39.96,$35.82,$39.91,"$70,787,947","$3,765,843,236"
"Aug 04, 2021",$35.96,$38.15,$34.45,$37.75,"$75,863,474","$3,561,575,983"
"Aug 03, 2021",$37.89,$38.64,$35.50,$35.91,"$105,734,297","$3,388,419,713"
"Aug 02, 2021",$34.94,$36.94,$34.43,$35.63,"$76,257,005","$3,361,356,733"
"Aug 01, 2021",$35.17,$36.30,$34.41,$35.04,"$72,439,682","$3,305,877,061"
"Jul 31, 2021",$35.01,$35.62,$33.93,$35.31,"$54,489,058","$3,331,011,281"
"Jul 30, 2021",$32.61,$35.04,$32.37,$35.04,"$105,232,107","$3,305,600,392"
"Jul 29, 2021",$31.89,$32.85,$31.38,$32.60,"$71,994,007","$3,075,597,276"
"Jul 28, 2021",$31.20,$32.27,$30.73,$31.93,"$92,454,210","$3,012,043,926"
"Jul 27, 2021",$29.76,$31.15,$28.67,$31.15,"$150,010,361","$2,939,064,297"
"Jul 26, 2021",$30.48,$33.33,$29.59,$29.81,"$187,201,697","$2,812,158,643"
"Jul 25, 2021",$30.24,$30.53,$28.98,$30.43,"$69,161,549","$2,871,091,635"
"Jul 24, 2021",$29.57,$30.48,$29.31,$30.25,"$57,676,006","$2,853,981,007"
"Jul 23, 2021",$28.78,$29.57,$28.10,$29.57,"$69,483,535","$2,789,788,230"
"Jul 22, 2021",$28.14,$29.13,$27.49,$28.78,"$85,234,332","$2,715,287,940"
"Jul 21, 2021",$25.80,$28.91,$25.40,$28.13,"$195,837,215","$2,654,093,273"
"Jul 20, 2021",$24.91,$26.39,$23.66,$25.82,"$159,354,049","$2,435,854,976"
"Jul 19, 2021",$26.06,$26.25,$24.47,$24.91,"$55,941,940","$2,350,057,392"
"Jul 18, 2021",$26.37,$27.19,$25.90,$26.05,"$44,959,331","$2,458,173,810"
"Jul 17, 2021",$25.50,$27.13,$25.40,$26.38,"$79,885,550","$2,489,090,669"
"Jul 16, 2021",$25.94,$27.09,$23.33,$25.52,"$207,634,528","$2,407,328,157"
"Jul 15, 2021",$28.45,$28.84,$25.72,$25.89,"$106,870,543","$2,442,305,895"
"Jul 14, 2021",$29.71,$29.74,$28.16,$28.44,"$91,255,199","$2,683,595,914"
"Jul 13, 2021",$30.51,$30.96,$29.31,$29.71,"$61,811,938","$2,802,965,508"
"Jul 12, 2021",$30.98,$32.12,$30.14,$30.56,"$69,669,339","$2,883,018,353"
"Jul 11, 2021",$30.16,$31.46,$29.78,$30.98,"$39,831,254","$2,923,326,218"
"Jul 10, 2021",$30.21,$30.69,$29.64,$30.14,"$41,903,883","$2,843,567,372"
"Jul 09, 2021",$28.76,$30.45,$28.06,$30.22,"$47,852,473","$2,851,514,535"
"Jul 08, 2021",$30.06,$30.14,$28.28,$28.76,"$48,153,537","$2,713,521,743"
"Jul 07, 2021",$28.79,$30.49,$28.48,$30.02,"$72,969,802","$2,832,493,997"
"Jul 06, 2021",$25.34,$28.82,$25.30,$28.82,"$126,044,014","$2,718,803,106"
"Jul 05, 2021",$27.45,$27.45,$25.22,$25.37,"$68,086,619","$2,393,474,223"
"Jul 04, 2021",$28.00,$28.15,$26.69,$27.45,"$76,843,229","$2,589,734,246"
"Jul 03, 2021",$27.30,$28.22,$26.78,$28.00,"$38,194,951","$2,641,591,901"
"Jul 02, 2021",$26.25,$27.34,$25.36,$27.32,"$45,524,537","$2,577,501,692"
"Jul 01, 2021",$27.48,$27.53,$25.67,$26.25,"$40,245,588","$2,476,560,007"
"Jun 30, 2021",$26.93,$27.61,$25.71,$27.48,"$37,360,954","$2,593,118,235"
"Jun 29, 2021",$25.49,$27.72,$25.46,$26.91,"$50,036,904","$2,538,940,696"
"Jun 28, 2021",$24.61,$25.99,$24.37,$25.49,"$32,207,085","$2,405,221,647"
"Jun 27, 2021",$22.86,$24.60,$22.74,$24.55,"$24,677,198","$2,315,950,670"
"Jun 26, 2021",$23.32,$23.84,$21.93,$22.79,"$49,503,583","$2,149,724,545"
"Jun 25, 2021",$26.30,$26.78,$23.22,$23.36,"$60,698,015","$2,204,083,823"
"Jun 24, 2021",$26.37,$26.99,$25.18,$26.30,"$46,119,062","$2,481,412,834"
"Jun 23, 2021",$24.84,$27.62,$24.29,$26.59,"$70,407,323","$2,508,924,593"
"Jun 22, 2021",$25.15,$26.27,$22.49,$24.84,"$110,239,572","$2,343,815,083"
"Jun 21, 2021",$29.91,$30.14,$24.88,$25.18,"$102,702,700","$2,375,256,366"
"Jun 20, 2021",$29.60,$30.19,$27.75,$29.95,"$38,654,857","$2,825,967,429"
"Jun 19, 2021",$29.74,$30.49,$29.18,$29.60,"$28,609,685","$2,792,962,467"
"Jun 18, 2021",$32.11,$32.27,$29.02,$29.72,"$58,814,461","$2,804,091,523"
"Jun 17, 2021",$31.90,$32.95,$31.51,$32.08,"$44,466,420","$3,026,438,946"
"Jun 16, 2021",$33.85,$33.96,$31.71,$31.90,"$58,577,990","$3,009,604,656"
"Jun 15, 2021",$34.06,$34.89,$33.44,$34.58,"$79,841,063","$3,262,778,441"
"Jun 14, 2021",$32.84,$34.19,$32.57,$33.65,"$72,897,423","$3,175,222,200"
"Jun 13, 2021",$30.75,$33.10,$30.13,$32.84,"$65,840,034","$3,098,187,267"
"Jun 12, 2021",$31.53,$31.59,$29.72,$30.74,"$70,278,693","$2,900,140,417"
"Jun 11, 2021",$32.68,$33.18,$31.16,$31.52,"$67,409,475","$2,973,851,601"
"Jun 10, 2021",$33.66,$33.92,$32.13,$32.71,"$102,096,414","$3,085,914,799"
"Jun 09, 2021",$30.93,$33.76,$29.85,$33.66,"$131,691,057","$3,175,675,071"
"Jun 08, 2021",$31.93,$32.25,$28.59,$30.99,"$137,884,643","$2,923,630,842"
"Jun 07, 2021",$33.82,$35.66,$31.76,$31.83,"$128,587,039","$3,003,176,184"
"Jun 06, 2021",$33.52,$34.60,$33.38,$33.86,"$69,674,609","$3,194,360,730"
"Jun 05, 2021",$34.69,$36.76,$32.89,$33.52,"$199,166,749","$3,162,205,369"
"Jun 04, 2021",$36.45,$36.48,$33.03,$34.63,"$217,950,645","$3,267,239,311"
"Jun 03, 2021",$34.96,$36.84,$34.28,$36.43,"$67,568,942","$3,437,091,591"
"Jun 02, 2021",$33.81,$36.21,$33.00,$34.98,"$97,635,170","$3,299,930,958"
"Jun 01, 2021",$34.08,$34.78,$32.73,$33.80,"$174,829,697","$3,188,845,396"
"May 31, 2021",$31.43,$34.18,$29.90,$34.04,"$159,620,352","$3,211,662,098"
"May 30, 2021",$30.34,$32.65,$29.22,$31.42,"$80,921,473","$2,964,486,956"
"May 29, 2021",$32.25,$33.96,$29.42,$30.34,"$110,270,744","$2,862,526,808"
"May 28, 2021",$35.90,$36.30,$31.32,$32.25,"$148,845,405","$3,043,105,050"
"May 27, 2021",$36.78,$37.38,$34.08,$35.84,"$99,382,679","$3,381,057,675"
"May 26, 2021",$33.22,$37.06,$32.80,$36.73,"$115,422,596","$3,465,717,981"
"May 25, 2021",$33.32,$34.71,$30.51,$33.23,"$114,712,948","$3,135,534,563"
"May 24, 2021",$27.00,$33.72,$27.00,$33.40,"$167,727,641","$3,151,579,886"
"May 23, 2021",$33.32,$34.07,$22.84,$27.07,"$297,093,226","$2,553,993,551"
"May 22, 2021",$36.06,$36.74,$32.41,$33.30,"$133,676,886","$3,141,635,118"
"May 21, 2021",$40.78,$42.54,$32.10,$36.04,"$248,165,448","$3,400,199,990"
"May 20, 2021",$36.75,$43.50,$33.41,$40.88,"$304,378,839","$3,856,482,805"
"May 19, 2021",$51.02,$51.78,$34.20,$36.94,"$543,253,572","$3,484,930,120"
"May 18, 2021",$50.42,$54.03,$50.02,$50.96,"$155,234,607","$4,807,468,063"
"May 17, 2021",$54.01,$54.08,$47.98,$50.45,"$328,660,948","$4,760,146,980"
"May 16, 2021",$53.25,$56.70,$50.60,$54.02,"$251,507,019","$5,097,035,015"
"May 15, 2021",$57.87,$58.42,$53.31,$53.33,"$234,725,117","$5,031,973,676"
"May 14, 2021",$54.67,$58.63,$53.94,$57.86,"$234,313,657","$5,458,954,717"
"May 13, 2021",$56.22,$58.75,$52.02,$54.70,"$280,022,538","$5,160,521,625"
"May 12, 2021",$61.31,$63.03,$56.13,$56.13,"$217,331,486","$5,295,549,930"
"May 11, 2021",$59.20,$61.36,$57.46,$61.28,"$126,170,523","$5,781,890,145"
"May 10, 2021",$60.94,$63.08,$56.26,$59.16,"$184,292,181","$5,581,629,041"
"May 09, 2021",$61.35,$61.64,$59.28,$60.94,"$103,352,862","$5,749,110,665"
"May 08, 2021",$58.60,$61.87,$58.18,$61.25,"$147,621,370","$5,778,659,277"
"May 07, 2021",$57.99,$59.81,$56.00,$58.52,"$108,656,346","$5,521,158,651"
"May 06, 2021",$58.50,$59.07,$56.63,$57.96,"$113,611,379","$5,468,159,034"
"May 05, 2021",$53.80,$58.52,$53.45,$58.50,"$125,622,517","$5,518,986,861"
"May 04, 2021",$57.90,$57.96,$53.18,$54.01,"$212,625,612","$5,095,541,273"
"May 03, 2021",$54.94,$58.17,$54.93,$57.79,"$225,635,059","$5,452,669,811"
"May 02, 2021",$55.47,$55.55,$53.78,$54.99,"$71,859,552","$5,187,949,503"
"May 01, 2021",$54.72,$55.61,$54.23,$55.48,"$81,754,638","$5,234,668,038"
"Apr 30, 2021",$52.38,$54.93,$51.66,$54.79,"$117,410,420","$5,169,057,497"
"Apr 29, 2021",$52.90,$54.27,$50.87,$52.46,"$112,671,984","$4,949,354,823"
"Apr 28, 2021",$53.61,$54.42,$51.06,$52.87,"$131,779,803","$4,987,705,147"
"Apr 27, 2021",$50.84,$53.97,$50.27,$53.65,"$160,041,050","$5,061,476,458"
"Apr 26, 2021",$46.42,$51.32,$46.27,$50.87,"$143,028,839","$4,799,581,009"
"Apr 25, 2021",$45.49,$48.00,$44.08,$46.37,"$104,477,991","$4,374,605,987"
"Apr 24, 2021",$47.42,$47.51,$44.28,$45.49,"$79,377,968","$4,291,591,534"
"Apr 23, 2021",$48.82,$49.46,$42.69,$47.47,"$599,281,496","$4,478,660,526"
"Apr 22, 2021",$50.89,$53.44,$46.96,$48.89,"$277,509,745","$4,612,917,898"
"Apr 21, 2021",$52.76,$53.58,$50.52,$51.00,"$194,385,764","$4,812,124,763"
"Apr 20, 2021",$49.31,$52.65,$46.34,$52.65,"$258,429,763","$4,967,769,669"
"Apr 19, 2021",$50.21,$52.55,$47.73,$49.42,"$281,890,944","$4,662,623,316"
"Apr 18, 2021",$52.18,$52.47,$44.88,$50.20,"$297,005,914","$4,735,830,236"
"Apr 17, 2021",$53.24,$54.69,$51.54,$52.17,"$105,181,831","$4,922,254,603"
"Apr 16, 2021",$56.24,$56.57,$51.85,$53.21,"$210,510,617","$5,019,765,111"
"Apr 15, 2021",$56.14,$58.10,$55.26,$56.28,"$199,105,309","$5,309,981,103"
"Apr 14, 2021",$55.28,$59.56,$54.32,$56.09,"$526,900,943","$5,292,061,422"
"Apr 13, 2021",$52.82,$55.89,$51.36,$55.35,"$301,850,569","$5,222,032,784"
"Apr 12, 2021",$51.41,$55.80,$51.17,$52.78,"$310,208,928","$4,979,474,881"
"Apr 11, 2021",$49.16,$51.44,$48.37,$51.44,"$103,759,687","$4,853,279,527"
"Apr 10, 2021",$49.99,$52.05,$47.79,$49.10,"$207,672,407","$4,632,024,284"
"Apr 09, 2021",$48.78,$50.51,$47.61,$49.94,"$203,103,657","$4,712,125,556"
"Apr 08, 2021",$44.51,$48.99,$44.33,$48.78,"$148,282,759","$4,602,540,043"
"Apr 07, 2021",$45.92,$46.59,$43.28,$44.58,"$200,004,660","$4,205,992,587"
"Apr 06, 2021",$43.45,$46.61,$43.05,$45.91,"$214,600,203","$4,331,353,952"
"Apr 05, 2021",$41.56,$43.96,$39.87,$43.48,"$103,851,782","$4,102,433,933"
"Apr 04, 2021",$40.00,$41.64,$39.68,$41.56,"$39,042,321","$3,920,957,543"
"Apr 03, 2021",$41.93,$42.62,$39.90,$40.02,"$99,267,123","$3,775,434,732"
"Apr 02, 2021",$40.64,$41.98,$40.57,$41.94,"$52,938,063","$3,956,583,638"
"Apr 01, 2021",$39.97,$40.97,$39.56,$40.63,"$77,626,075","$3,832,923,092"
"Mar 31, 2021",$40.15,$40.59,$38.90,$39.94,"$49,985,503","$3,768,193,618"
"Mar 30, 2021",$38.71,$40.41,$38.25,$40.14,"$56,446,013","$3,786,751,551"
"Mar 29, 2021",$36.66,$38.96,$36.32,$38.71,"$57,758,205","$3,652,079,523"
"Mar 28, 2021",$36.51,$36.89,$35.96,$36.66,"$47,281,365","$3,458,410,381"
"Mar 27, 2021",$35.84,$36.92,$35.25,$36.50,"$38,512,186","$3,443,987,278"
"Mar 26, 2021",$32.73,$35.82,$32.73,$35.82,"$63,241,282","$3,379,371,298"
"Mar 25, 2021",$34.24,$34.56,$31.90,$32.77,"$84,064,101","$3,091,850,759"
"Mar 24, 2021",$36.82,$38.54,$34.29,$34.30,"$76,058,430","$3,235,642,678"
"Mar 23, 2021",$36.89,$38.28,$34.97,$36.85,"$93,063,648","$3,476,603,190"
"Mar 22, 2021",$39.56,$40.01,$36.82,$36.91,"$56,840,882","$3,482,602,255"
"Mar 21, 2021",$40.29,$40.52,$38.76,$39.55,"$51,098,258","$3,731,586,911"
"Mar 20, 2021",$40.40,$41.80,$40.28,$40.28,"$35,345,686","$3,800,211,436"
"Mar 19, 2021",$39.76,$41.21,$38.86,$40.41,"$41,214,224","$3,812,494,095"
"Mar 18, 2021",$41.38,$41.80,$39.45,$39.77,"$59,269,248","$3,752,351,285"
"Mar 17, 2021",$40.19,$41.34,$37.77,$41.34,"$70,199,180","$3,899,949,387"
"Mar 16, 2021",$40.45,$40.65,$37.88,$40.17,"$78,640,424","$3,790,126,312"
"Mar 15, 2021",$41.67,$43.43,$39.09,$40.51,"$135,739,688","$3,821,780,220"
"Mar 14, 2021",$40.61,$42.80,$40.09,$41.75,"$122,524,997","$3,939,148,681"
"Mar 13, 2021",$37.09,$41.01,$36.22,$40.66,"$88,284,606","$3,836,048,250"
"Mar 12, 2021",$38.50,$38.64,$35.79,$37.12,"$61,901,559","$3,502,127,903"
"Mar 11, 2021",$36.47,$38.79,$35.59,$38.48,"$95,882,351","$3,630,428,751"
"Mar 10, 2021",$37.53,$38.08,$34.50,$36.53,"$127,825,739","$3,446,269,329"
"Mar 09, 2021",$32.01,$37.57,$31.85,$37.53,"$151,384,746","$3,541,112,899"
"Mar 08, 2021",$30.76,$32.02,$30.06,$32.00,"$53,470,704","$3,019,402,628"
"Mar 07, 2021",$29.61,$30.92,$29.60,$30.81,"$32,673,966","$2,906,882,734"
"Mar 06, 2021",$28.93,$29.75,$28.13,$29.64,"$28,906,999","$2,796,336,104"
"Mar 05, 2021",$29.55,$29.55,$28.05,$28.95,"$64,029,973","$2,731,703,906"
"Mar 04, 2021",$31.27,$32.12,$29.03,$29.60,"$101,643,718","$2,792,336,649"
"Mar 03, 2021",$29.67,$33.05,$29.53,$31.28,"$84,671,502","$2,951,052,678"
"Mar 02, 2021",$29.93,$31.17,$28.93,$29.64,"$99,250,821","$2,796,653,578"
"Mar 01, 2021",$25.92,$30.14,$25.92,$29.93,"$108,114,023","$2,823,681,190"
"Feb 28, 2021",$27.38,$27.59,$24.70,$25.90,"$94,017,112","$2,443,618,218"
"Feb 27, 2021",$27.73,$28.90,$27.00,$27.40,"$53,446,724","$2,585,407,993"
"Feb 26, 2021",$28.31,$29.34,$26.23,$27.73,"$79,663,340","$2,616,320,489"
"Feb 25, 2021",$30.11,$31.83,$28.22,$28.22,"$96,117,158","$2,662,526,622"
"Feb 24, 2021",$28.33,$31.28,$27.10,$30.11,"$112,484,125","$2,840,413,909"
"Feb 23, 2021",$33.43,$33.45,$25.68,$28.30,"$187,215,001","$2,670,467,627"
"Feb 22, 2021",$34.25,$34.32,$28.03,$33.43,"$171,726,315","$3,153,608,218"
"Feb 21, 2021",$31.55,$34.72,$31.29,$34.25,"$116,268,931","$3,231,174,622"
"Feb 20, 2021",$34.58,$34.81,$29.81,$31.57,"$186,362,349","$2,978,168,004"
"Feb 19, 2021",$26.25,$34.60,$26.25,$34.58,"$276,755,010","$3,262,244,782"
"Feb 18, 2021",$23.24,$26.65,$23.24,$26.24,"$91,981,050","$2,475,777,968"
"Feb 17, 2021",$20.91,$23.93,$20.44,$23.24,"$77,963,678","$2,192,527,144"
"Feb 16, 2021",$20.21,$21.70,$19.80,$20.90,"$45,914,101","$1,971,779,918"
"Feb 15, 2021",$20.74,$20.87,$18.69,$20.21,"$45,417,415","$1,906,595,518"
"Feb 14, 2021",$20.69,$21.49,$20.41,$20.75,"$28,065,856","$1,957,761,079"
"Feb 13, 2021",$21.20,$21.32,$19.56,$20.70,"$46,254,194","$1,952,662,641"
"Feb 12, 2021",$20.84,$21.39,$20.14,$21.21,"$36,117,649","$2,001,533,599"
"Feb 11, 2021",$20.53,$21.50,$19.84,$20.87,"$49,156,873","$1,968,582,358"
"Feb 10, 2021",$18.85,$22.66,$18.79,$20.54,"$117,144,990","$1,937,653,594"
"Feb 09, 2021",$16.79,$18.99,$16.60,$18.84,"$70,429,169","$1,777,821,977"
"Feb 08, 2021",$14.39,$16.80,$14.17,$16.78,"$42,306,604","$1,583,279,024"
"Feb 07, 2021",$14.60,$14.70,$13.43,$14.40,"$45,919,479","$1,358,657,591"
"Feb 06, 2021",$14.85,$15.53,$14.43,$14.61,"$68,580,495","$1,378,015,580"
"Feb 05, 2021",$13.25,$14.84,$13.25,$14.84,"$43,477,029","$1,400,541,043"
"Feb 04, 2021",$13.37,$13.66,$12.84,$13.24,"$81,165,966","$1,249,071,736"
"Feb 03, 2021",$12.73,$13.37,$12.73,$13.37,"$28,616,444","$1,261,251,957"
"Feb 02, 2021",$11.87,$12.88,$11.87,$12.74,"$26,306,708","$1,202,111,784"
"Feb 01, 2021",$11.09,$11.89,$10.83,$11.87,"$21,794,123","$1,120,018,567"
"Jan 31, 2021",$11.51,$11.57,$10.87,$11.09,"$14,289,999","$1,046,392,930"
"Jan 30, 2021",$11.82,$11.98,$11.07,$11.51,"$20,651,271","$1,086,001,553"
"Jan 29, 2021",$11.94,$12.94,$11.08,$11.83,"$67,054,606","$1,115,676,107"
"Jan 28, 2021",$9.60,$11.73,$9.40,$11.61,"$37,915,080","$1,095,648,569"
"Jan 27, 2021",$10.25,$10.26,$9.16,$9.60,"$57,313,227","$905,843,339"
"Jan 26, 2021",$9.79,$10.30,$9.43,$10.24,"$66,534,559","$965,825,336"
"Jan 25, 2021",$10.34,$10.74,$9.68,$9.80,"$69,830,182","$924,306,595"
"Jan 24, 2021",$9.73,$10.35,$9.66,$10.35,"$55,044,908","$976,245,790"
"Jan 23, 2021",$9.88,$10.04,$9.47,$9.73,"$15,151,406","$918,310,454"
"Jan 22, 2021",$8.85,$10.15,$8.33,$9.89,"$31,758,270","$932,984,884"
"Jan 21, 2021",$10.50,$10.52,$8.69,$8.85,"$33,452,001","$834,653,278"
"Jan 20, 2021",$10.65,$10.73,$9.66,$10.49,"$28,752,175","$989,570,493"
"Jan 19, 2021",$10.70,$11.28,$10.54,$10.66,"$19,050,661","$1,006,190,825"
"Jan 18, 2021",$10.00,$10.73,$9.91,$10.70,"$32,265,680","$1,009,556,200"
"Jan 17, 2021",$9.44,$10.23,$8.92,$10.00,"$23,607,686","$943,365,981"
"Jan 16, 2021",$9.17,$9.72,$9.06,$9.45,"$16,392,950","$891,694,549"
"Jan 15, 2021",$9.64,$9.78,$8.59,$9.17,"$20,117,929","$865,363,207"
"Jan 14, 2021",$9.18,$9.87,$8.97,$9.62,"$14,091,249","$907,670,241"
"Jan 13, 2021",$8.39,$9.22,$8.02,$9.18,"$24,033,804","$866,512,212"
"Jan 12, 2021",$8.62,$9.10,$8.04,$8.38,"$26,745,357","$790,734,410"
"Jan 11, 2021",$9.30,$9.30,$7.13,$8.61,"$101,302,370","$812,421,324"
"Jan 10, 2021",$9.57,$9.94,$8.66,$9.31,"$31,012,393","$878,257,840"
"Jan 09, 2021",$9.37,$9.64,$8.73,$9.57,"$28,498,949","$902,948,558"
"Jan 08, 2021",$9.57,$9.73,$8.45,$9.38,"$42,286,268","$885,067,709"
"Jan 07, 2021",$9.39,$10.00,$9.22,$9.56,"$46,303,337","$902,157,957"
"Jan 06, 2021",$8.67,$9.39,$8.43,$9.39,"$31,404,628","$885,993,155"
"Jan 05, 2021",$7.53,$8.71,$7.08,$8.66,"$49,479,278","$817,486,925"
"Jan 04, 2021",$6.95,$7.63,$6.36,$7.51,"$40,526,109","$708,930,516"
"Jan 03, 2021",$6.20,$7.01,$6.17,$6.92,"$31,046,653","$653,255,344"
"Jan 02, 2021",$5.82,$6.28,$5.74,$6.20,"$23,398,220","$584,943,998"
"Jan 01, 2021",$5.77,$5.90,$5.71,$5.82,"$11,885,409","$549,193,881"
"Dec 31, 2020",$5.75,$5.82,$5.62,$5.77,"$10,061,941","$544,636,796"
"Dec 30, 2020",$5.61,$5.77,$5.55,$5.76,"$11,744,871","$543,266,677"
"Dec 29, 2020",$5.40,$5.61,$5.27,$5.61,"$13,120,251","$529,597,945"
"Dec 28, 2020",$5.14,$5.42,$5.14,$5.40,"$11,901,340","$509,342,028"
"Dec 27, 2020",$5.07,$5.33,$5.02,$5.14,"$16,326,257","$485,060,571"
"Dec 26, 2020",$4.93,$5.16,$4.85,$5.07,"$14,508,863","$478,153,103"
"Dec 25, 2020",$4.87,$5.04,$4.82,$4.93,"$12,490,896","$464,761,663"
"Dec 24, 2020",$4.73,$4.88,$4.63,$4.87,"$9,468,030","$459,324,672"
"Dec 23, 2020",$4.97,$5.02,$4.61,$4.73,"$13,757,991","$446,163,958"
"Dec 22, 2020",$4.82,$4.97,$4.65,$4.97,"$9,218,332","$469,186,917"
"Dec 21, 2020",$4.98,$5.09,$4.66,$4.82,"$8,988,022","$454,586,300"
"Dec 20, 2020",$5.05,$5.12,$4.89,$4.98,"$6,432,847","$469,650,707"
"Dec 19, 2020",$4.92,$5.11,$4.90,$5.05,"$6,383,835","$476,341,578"
"Dec 18, 2020",$4.87,$4.96,$4.77,$4.92,"$5,952,584","$464,158,186"
"Dec 17, 2020",$4.87,$5.05,$4.78,$4.87,"$20,689,268","$459,321,302"
"Dec 16, 2020",$4.64,$4.92,$4.60,$4.87,"$10,349,872","$459,197,904"
"Dec 15, 2020",$4.54,$4.65,$4.53,$4.64,"$5,064,274","$437,592,109"
"Dec 14, 2020",$4.46,$4.55,$4.43,$4.54,"$4,618,997","$428,649,135"
"Dec 13, 2020",$4.26,$4.49,$4.24,$4.46,"$5,561,878","$420,595,240"
"Dec 12, 2020",$4.11,$4.28,$4.11,$4.26,"$3,575,110","$401,803,033"
"Dec 11, 2020",$4.22,$4.22,$4.05,$4.11,"$4,589,034","$388,121,592"
"Dec 10, 2020",$4.31,$4.31,$4.15,$4.22,"$4,396,707","$398,006,576"
"Dec 09, 2020",$4.22,$4.33,$4.09,$4.31,"$9,762,101","$406,503,373"
"Dec 08, 2020",$4.47,$4.48,$4.18,$4.22,"$7,596,364","$397,726,698"
"Dec 07, 2020",$4.53,$4.54,$4.42,$4.47,"$3,278,919","$422,020,771"
"Dec 06, 2020",$4.49,$4.55,$4.43,$4.53,"$4,388,040","$427,191,982"
"Dec 05, 2020",$4.33,$4.49,$4.30,$4.49,"$4,014,289","$423,948,064"
"Dec 04, 2020",$4.59,$4.61,$4.32,$4.34,"$6,517,582","$409,137,503"
"Dec 03, 2020",$4.52,$4.61,$4.43,$4.59,"$12,401,890","$433,425,247"
"Dec 02, 2020",$4.50,$4.58,$4.41,$4.52,"$14,481,191","$426,014,658"
"Dec 01, 2020",$4.68,$4.77,$4.37,$4.51,"$21,666,038","$425,253,173"
"Nov 30, 2020",$4.29,$4.69,$4.29,$4.68,"$29,467,742","$441,986,807"
"Nov 29, 2020",$4.12,$4.30,$4.07,$4.29,"$5,869,147","$404,450,548"
"Nov 28, 2020",$3.99,$4.17,$3.94,$4.11,"$5,243,671","$388,125,773"
"Nov 27, 2020",$3.93,$4.02,$3.80,$3.98,"$7,757,141","$375,780,921"
"Nov 26, 2020",$4.17,$4.22,$3.64,$3.92,"$28,477,920","$369,946,827"
"Nov 25, 2020",$4.36,$4.41,$4.10,$4.17,"$7,762,402","$393,355,882"
"Nov 24, 2020",$4.23,$4.41,$4.19,$4.36,"$11,194,673","$411,706,751"
"Nov 23, 2020",$4.06,$4.23,$4.01,$4.23,"$9,774,758","$399,104,549"
"Nov 22, 2020",$4.05,$4.15,$3.85,$4.06,"$5,708,567","$383,482,054"
"Nov 21, 2020",$3.95,$4.06,$3.88,$4.05,"$6,709,177","$381,949,855"
"Nov 20, 2020",$3.76,$3.97,$3.76,$3.95,"$5,729,498","$372,589,755"
"Nov 19, 2020",$3.80,$3.82,$3.72,$3.76,"$3,860,596","$354,313,334"
"Nov 18, 2020",$3.84,$3.95,$3.73,$3.80,"$9,370,594","$358,350,078"
"Nov 17, 2020",$3.71,$3.89,$3.69,$3.84,"$5,505,091","$362,648,306"
"Nov 16, 2020",$3.59,$3.73,$3.58,$3.69,"$2,793,139","$348,282,767"
"Nov 15, 2020",$3.66,$3.68,$3.55,$3.59,"$2,188,209","$338,671,738"
"Nov 14, 2020",$3.74,$3.74,$3.59,$3.66,"$1,951,414","$345,719,339"
"Nov 13, 2020",$3.69,$3.75,$3.69,$3.74,"$2,209,541","$352,644,854"
"Nov 12, 2020",$3.69,$3.74,$3.63,$3.69,"$3,492,899","$348,309,734"
"Nov 11, 2020",$3.66,$3.77,$3.65,$3.69,"$3,320,618","$348,122,403"
"Nov 10, 2020",$3.54,$3.68,$3.51,$3.66,"$4,683,727","$345,008,161"
"Nov 09, 2020",$3.55,$3.59,$3.41,$3.54,"$4,613,146","$334,093,479"
"Nov 08, 2020",$3.42,$3.57,$3.42,$3.55,"$2,618,451","$334,619,622"
"Nov 07, 2020",$3.63,$3.65,$3.34,$3.42,"$8,442,047","$322,952,181"
"Nov 06, 2020",$3.52,$3.63,$3.49,$3.63,"$13,250,278","$342,763,898"
"Nov 05, 2020",$3.40,$3.55,$3.39,$3.52,"$7,935,107","$332,311,825"
"Nov 04, 2020",$3.47,$3.48,$3.34,$3.40,"$4,565,153","$320,371,658"
"Nov 03, 2020",$3.50,$3.51,$3.41,$3.47,"$4,308,038","$327,040,796"
"Nov 02, 2020",$3.64,$3.68,$3.48,$3.50,"$5,343,495","$330,439,276"
"Nov 01, 2020",$3.70,$3.72,$3.62,$3.64,"$3,346,019","$343,112,357"
"Oct 31, 2020",$3.73,$3.80,$3.66,$3.70,"$6,822,434","$349,176,471"
"Oct 30, 2020",$3.85,$3.88,$3.65,$3.73,"$7,777,657","$351,621,582"
"Oct 29, 2020",$3.76,$4.21,$3.75,$3.85,"$20,178,669","$363,439,718"
"Oct 28, 2020",$4.02,$4.04,$3.68,$3.76,"$5,739,706","$354,611,155"
"Oct 27, 2020",$3.93,$4.07,$3.92,$4.02,"$5,372,883","$378,828,397"
"Oct 26, 2020",$3.89,$3.96,$3.83,$3.93,"$5,060,468","$370,960,512"
"Oct 25, 2020",$3.94,$3.98,$3.86,$3.89,"$2,997,970","$366,624,878"
"Oct 24, 2020",$3.89,$3.96,$3.87,$3.94,"$3,327,405","$371,963,104"
"Oct 23, 2020",$3.89,$3.92,$3.84,$3.89,"$3,278,780","$366,626,006"
"Oct 22, 2020",$3.75,$3.94,$3.75,$3.89,"$5,967,980","$366,653,689"
"Oct 21, 2020",$3.57,$3.82,$3.57,$3.76,"$6,988,776","$354,281,804"
"Oct 20, 2020",$3.62,$3.64,$3.57,$3.58,"$3,864,357","$337,356,765"
"Oct 19, 2020",$3.61,$3.64,$3.56,$3.62,"$2,442,939","$341,338,539"
"Oct 18, 2020",$3.56,$3.61,$3.55,$3.61,"$1,428,632","$340,149,883"
"Oct 17, 2020",$3.53,$3.57,$3.51,$3.56,"$1,449,726","$335,528,408"
"Oct 16, 2020",$3.65,$3.67,$3.52,$3.53,"$2,719,706","$333,207,883"
"Oct 15, 2020",$3.65,$3.67,$3.60,$3.64,"$2,170,989","$343,822,615"
"Oct 14, 2020",$3.66,$3.69,$3.61,$3.65,"$1,790,416","$344,512,625"
"Oct 13, 2020",$3.65,$3.67,$3.62,$3.66,"$3,808,292","$345,236,823"
"Oct 12, 2020",$3.53,$3.70,$3.50,$3.65,"$5,128,041","$344,242,587"
"Oct 11, 2020",$3.52,$3.54,$3.50,$3.53,"$2,050,972","$333,351,898"
"Oct 10, 2020",$3.55,$3.66,$3.50,$3.51,"$5,259,427","$331,515,475"
"Oct 09, 2020",$3.47,$3.57,$3.45,$3.55,"$2,548,769","$335,269,347"
"Oct 08, 2020",$3.41,$3.47,$3.34,$3.47,"$2,693,228","$327,061,451"
"Oct 07, 2020",$3.41,$3.42,$3.38,$3.41,"$2,842,092","$321,570,114"
"Oct 06, 2020",$3.54,$3.56,$3.39,$3.41,"$3,696,670","$322,150,129"
"Oct 05, 2020",$3.55,$3.57,$3.51,$3.54,"$2,766,567","$334,380,466"
"Oct 04, 2020",$3.55,$3.58,$3.54,$3.55,"$2,443,263","$335,157,375"
"Oct 03, 2020",$3.54,$3.58,$3.52,$3.55,"$2,422,556","$334,610,777"
"Oct 02, 2020",$3.61,$3.64,$3.45,$3.53,"$4,270,126","$333,415,659"
"Oct 01, 2020",$3.66,$3.67,$3.37,$3.61,"$8,485,702","$340,570,786"
"Sep 30, 2020",$3.68,$3.68,$3.59,$3.66,"$3,124,432","$345,059,417"
"Sep 29, 2020",$3.61,$3.68,$3.60,$3.67,"$3,838,067","$346,629,882"
"Sep 28, 2020",$3.62,$3.69,$3.60,$3.61,"$4,080,198","$340,239,669"
"Sep 27, 2020",$3.65,$3.69,$3.58,$3.62,"$5,854,949","$341,506,148"
"Sep 26, 2020",$3.63,$3.66,$3.61,$3.65,"$5,914,931","$344,668,951"
"Sep 25, 2020",$3.65,$3.69,$3.57,$3.63,"$12,596,743","$342,682,346"
"Sep 24, 2020",$3.44,$3.66,$3.42,$3.65,"$7,754,441","$343,894,750"
"Sep 23, 2020",$3.62,$3.62,$3.43,$3.44,"$6,210,786","$324,758,390"
"Sep 22, 2020",$3.60,$3.67,$3.57,$3.61,"$5,263,309","$341,017,598"
"Sep 21, 2020",$3.75,$3.78,$3.45,$3.61,"$10,941,323","$340,541,065"
"Sep 20, 2020",$3.85,$3.85,$3.69,$3.75,"$3,719,082","$354,269,677"
"Sep 19, 2020",$3.85,$3.87,$3.79,$3.85,"$2,448,042","$363,430,842"
"Sep 18, 2020",$3.85,$3.95,$3.79,$3.84,"$5,395,456","$362,598,833"
"Sep 17, 2020",$3.83,$3.91,$3.76,$3.85,"$5,203,364","$363,117,942"
"Sep 16, 2020",$3.83,$3.88,$3.73,$3.83,"$6,998,889","$361,787,640"
"Sep 15, 2020",$4.08,$4.09,$3.81,$3.83,"$13,596,238","$361,130,080"
"Sep 14, 2020",$3.97,$4.15,$3.89,$4.08,"$13,580,836","$385,398,073"
"Sep 13, 2020",$4.01,$4.18,$3.86,$3.96,"$10,833,815","$373,852,031"
"Sep 12, 2020",$3.84,$4.01,$3.84,$4.01,"$7,256,769","$378,311,838"
"Sep 11, 2020",$3.80,$3.85,$3.68,$3.84,"$6,033,188","$361,962,772"
"Sep 10, 2020",$3.74,$3.91,$3.73,$3.80,"$15,302,953","$358,113,835"
"Sep 09, 2020",$3.59,$3.77,$3.52,$3.73,"$11,965,847","$352,318,288"
"Sep 08, 2020",$3.67,$3.71,$3.50,$3.59,"$12,396,199","$338,543,139"
"Sep 07, 2020",$3.66,$3.69,$3.38,$3.67,"$13,349,148","$346,378,803"
"Sep 06, 2020",$3.33,$3.67,$3.22,$3.66,"$11,154,613","$345,220,828"
"Sep 05, 2020",$3.67,$3.71,$3.19,$3.33,"$15,285,867","$314,220,064"
"Sep 04, 2020",$3.63,$3.85,$3.48,$3.67,"$14,506,738","$346,166,040"
"Sep 03, 2020",$4.24,$4.31,$3.64,$3.65,"$17,123,502","$343,968,507"
"Sep 02, 2020",$4.49,$4.49,$4.08,$4.24,"$23,494,564","$400,448,447"
"Sep 01, 2020",$4.21,$4.51,$4.18,$4.49,"$40,702,773","$423,973,394"
"Aug 31, 2020",$4.21,$4.24,$4.11,$4.22,"$23,012,247","$397,707,964"
"Aug 30, 2020",$3.97,$4.21,$3.97,$4.21,"$16,296,063","$397,184,938"
"Aug 29, 2020",$3.81,$4.01,$3.79,$3.98,"$10,758,189","$375,242,505"
"Aug 28, 2020",$3.60,$3.81,$3.57,$3.81,"$12,029,848","$359,734,279"
"Aug 27, 2020",$3.62,$3.69,$3.52,$3.60,"$9,516,766","$339,338,469"
"Aug 26, 2020",$3.48,$3.66,$3.46,$3.62,"$11,671,942","$341,999,281"
"Aug 25, 2020",$3.47,$3.49,$3.33,$3.48,"$10,485,174","$328,208,843"
"Aug 24, 2020",$3.37,$3.47,$3.36,$3.47,"$5,613,109","$327,425,306"
"Aug 23, 2020",$3.35,$3.39,$3.28,$3.38,"$5,185,367","$318,476,112"
"Aug 22, 2020",$3.29,$3.35,$3.22,$3.35,"$5,269,557","$315,677,848"
"Aug 21, 2020",$3.45,$3.46,$3.28,$3.29,"$8,324,554","$309,955,867"
"Aug 20, 2020",$3.34,$3.46,$3.34,$3.45,"$5,086,751","$325,278,957"
"Aug 19, 2020",$3.50,$3.52,$3.32,$3.34,"$8,865,253","$315,434,817"
"Aug 18, 2020",$3.52,$3.58,$3.47,$3.51,"$9,374,893","$330,716,480"
"Aug 17, 2020",$3.44,$3.60,$3.40,$3.52,"$10,420,032","$331,908,575"
"Aug 16, 2020",$3.45,$3.45,$3.35,$3.44,"$4,593,549","$324,913,598"
"Aug 15, 2020",$3.51,$3.54,$3.44,$3.45,"$8,005,044","$325,392,803"
"Aug 14, 2020",$3.49,$3.54,$3.45,$3.51,"$7,170,720","$331,028,592"
"Aug 13, 2020",$3.38,$3.49,$3.24,$3.49,"$8,864,615","$329,125,234"
"Aug 12, 2020",$3.32,$3.40,$3.23,$3.38,"$7,446,812","$318,874,609"
"Aug 11, 2020",$3.51,$3.52,$3.27,$3.32,"$8,207,054","$312,877,034"
"Aug 10, 2020",$3.45,$3.53,$3.45,$3.51,"$5,678,468","$331,067,441"
"Aug 09, 2020",$3.50,$3.51,$3.42,$3.45,"$3,491,423","$325,945,543"
"Aug 08, 2020",$3.43,$3.50,$3.40,$3.49,"$4,475,608","$329,570,944"
"Aug 07, 2020",$3.53,$3.61,$3.34,$3.43,"$11,861,743","$323,871,987"
"Aug 06, 2020",$3.61,$3.62,$3.52,$3.53,"$7,012,050","$333,174,023"
"Aug 05, 2020",$3.48,$3.61,$3.44,$3.61,"$9,752,878","$340,654,947"
"Aug 04, 2020",$3.55,$3.62,$3.42,$3.48,"$12,294,119","$328,094,811"
"Aug 03, 2020",$3.35,$3.57,$3.33,$3.54,"$15,270,303","$334,396,149"
"Aug 02, 2020",$3.48,$3.68,$3.27,$3.34,"$20,889,539","$315,490,184"
"Aug 01, 2020",$3.42,$3.50,$3.39,$3.48,"$11,997,590","$328,408,458"
"Jul 31, 2020",$3.33,$3.45,$3.30,$3.42,"$9,284,812","$322,366,023"
"Jul 30, 2020",$3.33,$3.38,$3.26,$3.33,"$7,508,479","$313,936,132"
"Jul 29, 2020",$3.33,$3.39,$3.31,$3.33,"$10,587,517","$314,132,630"
"Jul 28, 2020",$3.42,$3.50,$3.25,$3.32,"$15,168,568","$313,614,704"
"Jul 27, 2020",$3.11,$3.48,$3.11,$3.42,"$31,961,606","$322,278,414"
"Jul 26, 2020",$3.03,$3.13,$3.01,$3.11,"$7,852,338","$293,459,886"
"Jul 25, 2020",$2.98,$3.05,$2.97,$3.03,"$7,664,856","$286,169,457"
"Jul 24, 2020",$3.00,$3.03,$2.94,$2.98,"$5,772,464","$280,983,952"
"Jul 23, 2020",$3.00,$3.04,$2.97,$3.00,"$6,478,893","$283,131,574"
"Jul 22, 2020",$2.98,$3.01,$2.93,$3.00,"$5,126,984","$283,175,909"
"Jul 21, 2020",$2.88,$3.00,$2.88,$2.98,"$5,606,090","$281,163,545"
"Jul 20, 2020",$2.92,$2.94,$2.87,$2.88,"$3,541,648","$272,092,386"
"Jul 19, 2020",$2.92,$2.95,$2.90,$2.92,"$4,459,213","$275,277,544"
"Jul 18, 2020",$2.94,$2.95,$2.90,$2.92,"$3,212,116","$275,768,359"
"Jul 17, 2020",$2.97,$2.98,$2.93,$2.94,"$2,791,835","$277,310,552"
"Jul 16, 2020",$3.05,$3.05,$2.95,$2.98,"$3,948,207","$280,688,834"
"Jul 15, 2020",$3.10,$3.11,$3.04,$3.05,"$3,207,451","$287,380,784"
"Jul 14, 2020",$3.11,$3.12,$3.08,$3.10,"$5,503,861","$292,272,855"
"Jul 13, 2020",$3.11,$3.14,$3.07,$3.11,"$4,649,359","$293,761,003"
"Jul 12, 2020",$3.05,$3.14,$3.05,$3.11,"$3,930,001","$293,251,090"
"Jul 11, 2020",$3.04,$3.06,$3.02,$3.05,"$2,767,648","$287,871,182"
"Jul 10, 2020",$3.02,$3.04,$2.95,$3.04,"$3,096,472","$286,389,433"
"Jul 09, 2020",$3.06,$3.07,$2.98,$3.02,"$3,793,318","$285,101,505"
"Jul 08, 2020",$2.98,$3.07,$2.97,$3.06,"$4,010,446","$289,022,645"
"Jul 07, 2020",$2.99,$3.01,$2.94,$2.98,"$3,516,904","$281,062,142"
"Jul 06, 2020",$2.86,$2.99,$2.85,$2.99,"$3,106,872","$281,894,255"
"Jul 05, 2020",$2.88,$2.90,$2.82,$2.86,"$2,504,937","$269,668,905"
"Jul 04, 2020",$2.86,$2.91,$2.85,$2.88,"$2,105,917","$271,930,891"
"Jul 03, 2020",$2.89,$2.90,$2.85,$2.86,"$2,145,249","$269,801,874"
"Jul 02, 2020",$2.93,$2.95,$2.85,$2.89,"$2,869,246","$272,842,221"
"Jul 01, 2020",$2.89,$2.95,$2.87,$2.93,"$3,051,350","$276,702,411"
"Jun 30, 2020",$2.90,$2.91,$2.86,$2.88,"$2,346,254","$272,127,479"
"Jun 29, 2020",$2.87,$2.92,$2.84,$2.90,"$2,307,942","$273,414,996"
"Jun 28, 2020",$2.84,$2.89,$2.81,$2.87,"$2,401,998","$270,984,741"
"Jun 27, 2020",$2.91,$2.93,$2.81,$2.84,"$2,969,146","$267,612,278"
"Jun 26, 2020",$2.93,$2.96,$2.89,$2.91,"$2,398,619","$274,228,094"
"Jun 25, 2020",$2.95,$2.96,$2.87,$2.93,"$2,521,751","$276,642,942"
"Jun 24, 2020",$3.05,$3.07,$2.93,$2.95,"$3,384,690","$278,132,859"
"Jun 23, 2020",$3.05,$3.06,$3.02,$3.04,"$2,455,508","$287,256,079"
"Jun 22, 2020",$2.97,$3.06,$2.96,$3.05,"$3,167,961","$288,123,102"
"Jun 21, 2020",$2.97,$3.00,$2.96,$2.97,"$1,862,842","$279,866,822"
"Jun 20, 2020",$2.96,$3.00,$2.94,$2.97,"$2,375,606","$280,187,628"
"Jun 19, 2020",$3.01,$3.01,$2.96,$2.96,"$2,485,874","$279,647,252"
"Jun 18, 2020",$3.03,$3.04,$2.98,$3.01,"$2,241,625","$284,309,772"
"Jun 17, 2020",$3.00,$3.04,$2.94,$3.03,"$3,076,356","$286,206,904"
"Jun 16, 2020",$3.03,$3.06,$2.97,$3.00,"$3,281,827","$283,416,600"
"Jun 15, 2020",$2.85,$3.05,$2.78,$3.03,"$8,353,681","$285,486,786"
"Jun 14, 2020",$2.89,$2.90,$2.84,$2.85,"$2,702,652","$269,077,937"
"Jun 13, 2020",$2.87,$2.90,$2.85,$2.89,"$2,484,482","$272,932,561"
"Jun 12, 2020",$2.81,$2.88,$2.79,$2.87,"$2,574,810","$271,104,406"
"Jun 11, 2020",$2.98,$3.00,$2.79,$2.81,"$3,556,550","$265,316,145"
"Jun 10, 2020",$3.01,$3.01,$2.97,$2.98,"$3,225,706","$280,903,605"
"Jun 09, 2020",$3.00,$3.01,$2.96,$3.01,"$2,638,811","$283,571,838"
"Jun 08, 2020",$2.98,$3.00,$2.95,$2.99,"$2,630,031","$282,500,643"
"Jun 07, 2020",$2.97,$2.99,$2.89,$2.98,"$2,394,067","$281,462,419"
"Jun 06, 2020",$2.97,$3.01,$2.95,$2.97,"$2,363,782","$280,232,118"
"Jun 05, 2020",$3.00,$3.03,$2.97,$2.97,"$4,676,737","$280,613,529"
"Jun 04, 2020",$2.99,$3.02,$2.93,$3.00,"$2,975,007","$282,703,711"
"Jun 03, 2020",$2.93,$2.99,$2.91,$2.99,"$2,443,435","$281,793,102"
"Jun 02, 2020",$3.11,$3.13,$2.88,$2.93,"$6,120,679","$276,830,753"
"Jun 01, 2020",$2.94,$3.14,$2.94,$3.12,"$3,635,506","$294,538,828"
"May 31, 2020",$3.05,$3.06,$2.93,$2.94,"$2,479,213","$277,998,053"
"May 30, 2020",$2.93,$3.06,$2.91,$3.05,"$5,506,820","$288,048,199"
"May 29, 2020",$2.96,$2.98,$2.90,$2.93,"$2,776,337","$276,715,537"
"May 28, 2020",$2.87,$2.96,$2.84,$2.96,"$3,088,807","$279,144,557"
"May 27, 2020",$2.81,$2.87,$2.81,$2.87,"$3,902,635","$270,507,335"
"May 26, 2020",$2.79,$2.82,$2.77,$2.81,"$4,265,211","$266,569,256"
"May 25, 2020",$2.72,$2.80,$2.71,$2.79,"$3,026,621","$265,728,670"
"May 24, 2020",$2.86,$2.89,$2.73,$2.73,"$2,857,315","$260,002,935"
"May 23, 2020",$2.87,$2.91,$2.83,$2.86,"$2,055,277","$272,238,018"
"May 22, 2020",$2.80,$2.88,$2.78,$2.87,"$2,982,527","$273,280,823"
"May 21, 2020",$2.94,$2.96,$2.73,$2.80,"$4,118,480","$267,006,306"
"May 20, 2020",$3.03,$3.05,$2.92,$2.94,"$2,823,913","$280,031,781"
"May 19, 2020",$3.03,$3.06,$2.97,$3.03,"$8,647,319","$289,023,531"
"May 18, 2020",$2.99,$3.08,$2.98,$3.03,"$3,117,120","$288,961,719"
"May 17, 2020",$2.92,$3.04,$2.91,$2.99,"$2,373,405","$284,973,876"
"May 16, 2020",$2.88,$2.97,$2.87,$2.92,"$2,322,959","$278,095,517"
"May 15, 2020",$2.99,$2.99,$2.86,$2.88,"$4,842,404","$274,570,619"
"May 14, 2020",$2.90,$3.02,$2.89,$2.99,"$2,783,689","$284,507,755"
"May 13, 2020",$2.81,$2.93,$2.80,$2.90,"$1,969,935","$276,108,393"
"May 12, 2020",$2.73,$2.85,$2.72,$2.80,"$2,600,540","$267,134,553"
"May 11, 2020",$2.75,$2.81,$2.62,$2.73,"$5,926,716","$259,996,793"
"May 10, 2020",$3.03,$3.03,$2.69,$2.75,"$8,672,322","$261,725,677"
"May 09, 2020",$3.11,$3.14,$3.02,$3.03,"$2,134,038","$288,622,408"
"May 08, 2020",$3.17,$3.20,$3.11,$3.11,"$2,640,559","$296,653,419"
"May 07, 2020",$3.06,$3.19,$3.01,$3.17,"$3,332,343","$301,612,671"
"May 06, 2020",$3.15,$3.23,$3.06,$3.06,"$3,942,804","$291,181,079"
"May 05, 2020",$3.14,$3.19,$3.11,$3.16,"$2,455,311","$300,741,999"
"May 04, 2020",$3.16,$3.17,$3.03,$3.14,"$3,262,295","$299,562,032"
"May 03, 2020",$3.20,$3.26,$3.13,$3.15,"$2,058,820","$300,538,491"
"May 02, 2020",$3.19,$3.21,$3.17,$3.20,"$2,003,317","$305,264,198"
"May 01, 2020",$3.10,$3.24,$3.10,$3.19,"$2,041,413","$304,175,414"
"Apr 30, 2020",$3.15,$3.35,$3.06,$3.10,"$4,123,552","$295,380,192"
"Apr 29, 2020",$2.90,$3.18,$2.89,$3.15,"$4,226,816","$300,508,161"
"Apr 28, 2020",$2.89,$2.90,$2.87,$2.90,"$1,896,165","$276,249,501"
"Apr 27, 2020",$2.86,$2.89,$2.83,$2.89,"$1,973,644","$275,766,123"
"Apr 26, 2020",$2.84,$2.88,$2.82,$2.85,"$1,546,370","$271,804,949"
"Apr 25, 2020",$2.80,$2.87,$2.80,$2.84,"$1,766,004","$270,696,813"
"Apr 24, 2020",$2.76,$2.82,$2.76,$2.81,"$2,408,822","$267,691,038"
"Apr 23, 2020",$2.71,$2.80,$2.68,$2.76,"$2,574,530","$263,615,499"
"Apr 22, 2020",$2.59,$2.72,$2.58,$2.71,"$1,693,901","$258,412,835"
"Apr 21, 2020",$2.60,$2.64,$2.58,$2.59,"$2,540,137","$247,497,775"
"Apr 20, 2020",$2.76,$2.79,$2.58,$2.60,"$1,929,161","$248,106,065"
"Apr 19, 2020",$2.80,$2.81,$2.74,$2.76,"$1,922,915","$263,140,123"
"Apr 18, 2020",$2.72,$2.81,$2.71,$2.80,"$1,959,471","$267,124,763"
"Apr 17, 2020",$2.72,$2.75,$2.68,$2.72,"$2,261,551","$259,304,092"
"Apr 16, 2020",$2.50,$2.72,$2.46,$2.72,"$3,326,954","$259,562,033"
"Apr 15, 2020",$2.61,$2.65,$2.50,$2.50,"$1,797,220","$239,078,882"
"Apr 14, 2020",$2.58,$2.67,$2.57,$2.61,"$1,869,501","$248,986,092"
"Apr 13, 2020",$2.58,$2.58,$2.47,$2.58,"$2,455,690","$246,138,329"
"Apr 12, 2020",$2.52,$2.64,$2.50,$2.58,"$1,886,315","$246,396,812"
"Apr 11, 2020",$2.52,$2.56,$2.49,$2.52,"$1,356,748","$241,212,180"
"Apr 10, 2020",$2.72,$2.72,$2.49,$2.52,"$1,826,524","$240,968,543"
"Apr 09, 2020",$2.73,$2.74,$2.67,$2.72,"$1,385,641","$260,382,946"
"Apr 08, 2020",$2.66,$2.75,$2.65,$2.74,"$1,460,848","$261,503,240"
"Apr 07, 2020",$2.76,$2.81,$2.64,$2.66,"$2,300,668","$254,504,276"
"Apr 06, 2020",$2.52,$2.75,$2.51,$2.75,"$1,935,698","$263,259,868"
"Apr 05, 2020",$2.54,$2.55,$2.48,$2.52,"$1,521,683","$240,876,012"
"Apr 04, 2020",$2.48,$2.55,$2.46,$2.54,"$2,431,952","$243,139,298"
"Apr 03, 2020",$2.49,$2.56,$2.44,$2.48,"$2,147,098","$237,646,322"
"Apr 02, 2020",$2.45,$2.58,$2.43,$2.49,"$3,663,529","$237,986,592"
"Apr 01, 2020",$2.41,$2.45,$2.31,$2.45,"$2,215,969","$234,179,361"
"Mar 31, 2020",$2.40,$2.44,$2.39,$2.41,"$2,208,256","$230,640,335"
"Mar 30, 2020",$2.19,$2.41,$2.19,$2.40,"$3,128,295","$229,780,071"
"Mar 29, 2020",$2.31,$2.32,$2.19,$2.20,"$2,380,726","$210,247,594"
"Mar 28, 2020",$2.38,$2.39,$2.26,$2.31,"$2,724,905","$221,511,143"
"Mar 27, 2020",$2.50,$2.51,$2.38,$2.38,"$2,770,079","$228,182,924"
"Mar 26, 2020",$2.46,$2.51,$2.44,$2.50,"$1,539,672","$239,559,432"
"Mar 25, 2020",$2.49,$2.54,$2.42,$2.46,"$2,933,285","$235,443,251"
"Mar 24, 2020",$2.44,$2.57,$2.42,$2.49,"$3,102,335","$238,701,417"
"Mar 23, 2020",$2.24,$2.44,$2.20,$2.44,"$7,585,946","$233,716,689"
"Mar 22, 2020",$2.38,$2.45,$2.22,$2.24,"$10,900,304","$214,421,844"
"Mar 21, 2020",$2.38,$2.44,$2.27,$2.38,"$8,593,497","$228,293,240"
"Mar 20, 2020",$2.43,$2.68,$2.20,$2.37,"$13,483,504","$227,368,514"
"Mar 19, 2020",$2.06,$2.49,$2.06,$2.43,"$11,575,231","$233,217,566"
"Mar 18, 2020",$2.05,$2.10,$2.03,$2.06,"$11,346,464","$197,149,027"
"Mar 17, 2020",$2.01,$2.12,$1.98,$2.06,"$10,787,498","$197,442,967"
"Mar 16, 2020",$2.09,$2.09,$1.97,$2.01,"$13,600,333","$193,438,552"
"Mar 15, 2020",$2.03,$2.27,$2.01,$2.09,"$10,433,324","$201,418,943"
"Mar 14, 2020",$2.05,$2.08,$1.99,$2.03,"$23,371,165","$195,214,110"
"Mar 13, 2020",$2.15,$2.23,$1.95,$2.04,"$45,944,176","$196,589,753"
"Mar 12, 2020",$2.39,$2.40,$2.05,$2.15,"$21,986,540","$207,037,054"
"Mar 11, 2020",$2.45,$2.48,$2.27,$2.40,"$2,165,453","$230,442,780"
"Mar 10, 2020",$2.41,$2.48,$2.40,$2.45,"$3,412,390","$236,029,437"
"Mar 09, 2020",$2.45,$2.45,$2.38,$2.41,"$3,359,826","$232,110,311"
"Mar 08, 2020",$2.69,$2.69,$2.44,$2.45,"$3,284,962","$236,307,303"
"Mar 07, 2020",$2.79,$2.79,$2.68,$2.69,"$1,643,859","$258,771,389"
"Mar 06, 2020",$2.73,$2.80,$2.72,$2.79,"$1,881,685","$268,768,445"
"Mar 05, 2020",$2.64,$2.78,$2.64,$2.73,"$2,140,264","$262,823,458"
"Mar 04, 2020",$2.64,$2.69,$2.62,$2.64,"$1,850,742","$254,426,985"
"Mar 03, 2020",$2.67,$2.71,$2.62,$2.64,"$2,172,564","$254,776,565"
"Mar 02, 2020",$2.56,$2.69,$2.55,$2.67,"$3,378,102","$257,452,355"
"Mar 01, 2020",$2.60,$2.65,$2.53,$2.56,"$2,822,044","$247,242,795"
"Feb 29, 2020",$2.61,$2.68,$2.60,$2.60,"$4,075,326","$250,727,134"
"Feb 28, 2020",$2.44,$2.62,$2.44,$2.61,"$5,187,729","$251,829,893"
"Feb 27, 2020",$2.29,$2.46,$2.23,$2.43,"$5,531,337","$234,922,687"
"Feb 26, 2020",$2.47,$2.48,$2.20,$2.29,"$11,122,615","$221,047,278"
"Feb 25, 2020",$2.61,$2.61,$2.46,$2.48,"$5,534,305","$238,840,349"
"Feb 24, 2020",$2.75,$2.76,$2.55,$2.61,"$3,336,696","$252,335,709"
"Feb 23, 2020",$2.68,$2.75,$2.67,$2.75,"$1,940,538","$265,439,685"
"Feb 22, 2020",$2.69,$2.69,$2.65,$2.68,"$1,872,222","$258,599,497"
"Feb 21, 2020",$2.63,$2.71,$2.62,$2.69,"$2,668,053","$259,882,319"
"Feb 20, 2020",$2.67,$2.67,$2.59,$2.63,"$4,426,589","$253,789,793"
"Feb 19, 2020",$2.84,$2.85,$2.65,$2.66,"$3,451,585","$257,278,703"
"Feb 18, 2020",$2.73,$2.85,$2.69,$2.84,"$3,661,476","$274,932,778"
"Feb 17, 2020",$2.96,$2.97,$2.52,$2.73,"$23,238,816","$263,763,460"
"Feb 16, 2020",$2.52,$3.36,$2.52,$2.96,"$55,616,307","$286,726,602"
"Feb 15, 2020",$2.56,$2.58,$2.48,$2.52,"$8,613,215","$243,920,213"
"Feb 14, 2020",$2.52,$2.57,$2.51,$2.56,"$3,003,536","$248,078,184"
"Feb 13, 2020",$2.58,$2.61,$2.49,$2.52,"$10,442,035","$243,443,669"
"Feb 12, 2020",$2.55,$2.61,$2.54,$2.58,"$5,439,748","$249,539,796"
"Feb 11, 2020",$2.50,$2.55,$2.43,$2.55,"$6,035,612","$246,963,353"
"Feb 10, 2020",$2.41,$2.54,$2.33,$2.50,"$19,011,417","$241,662,067"
"Feb 09, 2020",$2.38,$2.43,$2.37,$2.41,"$5,015,156","$233,131,961"
"Feb 08, 2020",$2.38,$2.40,$2.34,$2.38,"$4,803,219","$230,653,477"
"Feb 07, 2020",$2.40,$2.44,$2.36,$2.38,"$9,103,510","$230,430,132"
"Feb 06, 2020",$2.35,$2.41,$2.32,$2.40,"$10,453,508","$232,282,593"
"Feb 05, 2020",$2.25,$2.38,$2.24,$2.34,"$9,342,766","$226,989,214"
"Feb 04, 2020",$2.30,$2.32,$2.21,$2.25,"$5,334,975","$217,657,170"
"Feb 03, 2020",$2.32,$2.37,$2.27,$2.30,"$10,793,195","$222,961,596"
"Feb 02, 2020",$2.35,$2.38,$2.30,$2.32,"$5,998,617","$225,002,314"
"Feb 01, 2020",$2.37,$2.39,$2.33,$2.35,"$5,230,025","$227,820,877"
"Jan 31, 2020",$2.41,$2.41,$2.32,$2.37,"$9,411,944","$229,769,109"
"Jan 30, 2020",$2.36,$2.42,$2.32,$2.41,"$10,180,765","$233,451,790"
"Jan 29, 2020",$2.44,$2.45,$2.35,$2.36,"$10,064,881","$228,274,412"
"Jan 28, 2020",$2.38,$2.44,$2.34,$2.44,"$8,340,562","$236,870,687"
"Jan 27, 2020",$2.29,$2.41,$2.29,$2.38,"$6,384,886","$230,254,613"
"Jan 26, 2020",$2.22,$2.29,$2.20,$2.29,"$4,249,864","$221,629,149"
"Jan 25, 2020",$2.27,$2.27,$2.21,$2.22,"$2,658,322","$215,408,210"
"Jan 24, 2020",$2.23,$2.29,$2.20,$2.27,"$4,532,178","$219,868,721"
"Jan 23, 2020",$2.32,$2.32,$2.18,$2.23,"$7,813,966","$216,234,774"
"Jan 22, 2020",$2.35,$2.36,$2.29,$2.32,"$4,750,574","$224,849,280"
"Jan 21, 2020",$2.27,$2.35,$2.26,$2.35,"$4,975,268","$227,979,430"
"Jan 20, 2020",$2.28,$2.29,$2.21,$2.27,"$5,575,165","$220,004,724"
"Jan 19, 2020",$2.38,$2.43,$2.26,$2.28,"$9,409,883","$221,491,789"
"Jan 18, 2020",$2.39,$2.41,$2.34,$2.38,"$4,476,352","$231,208,494"
"Jan 17, 2020",$2.40,$2.47,$2.38,$2.39,"$9,870,926","$231,906,603"
"Jan 16, 2020",$2.37,$2.40,$2.29,$2.40,"$11,841,059","$232,729,106"
"Jan 15, 2020",$2.18,$2.37,$2.17,$2.37,"$16,714,813","$229,447,987"
"Jan 14, 2020",$2.16,$2.22,$2.15,$2.18,"$13,893,373","$211,443,521"
"Jan 13, 2020",$2.19,$2.19,$2.14,$2.16,"$2,940,804","$209,807,884"
"Jan 12, 2020",$2.15,$2.21,$2.13,$2.19,"$3,630,212","$212,531,101"
"Jan 11, 2020",$2.23,$2.23,$2.13,$2.15,"$5,803,289","$208,610,674"
"Jan 10, 2020",$2.18,$2.23,$2.13,$2.23,"$14,675,801","$216,480,081"
"Jan 09, 2020",$2.19,$2.19,$2.14,$2.18,"$9,430,311","$211,346,430"
"Jan 08, 2020",$2.17,$2.20,$2.13,$2.19,"$19,029,044","$212,227,431"
"Jan 07, 2020",$2.19,$2.24,$2.13,$2.17,"$15,062,625","$210,489,664"
"Jan 06, 2020",$2.15,$2.19,$2.14,$2.19,"$5,286,374","$212,660,638"
"Jan 05, 2020",$2.18,$2.21,$2.15,$2.15,"$3,934,363","$209,298,273"
"Jan 04, 2020",$2.21,$2.22,$2.17,$2.18,"$2,715,704","$212,196,995"
"Jan 03, 2020",$2.14,$2.24,$2.14,$2.21,"$5,532,734","$214,620,935"
"Jan 02, 2020",$2.14,$2.16,$2.13,$2.14,"$3,721,555","$208,034,010"
"Jan 01, 2020",$2.14,$2.16,$2.14,$2.14,"$1,589,200","$208,187,333"
"Dec 31, 2019",$2.17,$2.19,$2.14,$2.14,"$2,134,864","$208,307,959"
"Dec 30, 2019",$2.22,$2.23,$2.16,$2.17,"$2,380,867","$211,125,278"
"Dec 29, 2019",$2.18,$2.25,$2.18,$2.22,"$2,834,759","$215,569,871"
"Dec 28, 2019",$2.16,$2.20,$2.16,$2.18,"$2,434,170","$211,792,846"
"Dec 27, 2019",$2.15,$2.19,$2.13,$2.16,"$3,720,941","$210,122,393"
"Dec 26, 2019",$2.16,$2.18,$2.14,$2.15,"$3,416,033","$208,788,293"
"Dec 25, 2019",$2.18,$2.19,$2.15,$2.16,"$2,187,606","$210,097,747"
"Dec 24, 2019",$2.20,$2.23,$2.14,$2.18,"$2,483,024","$211,556,211"
"Dec 23, 2019",$2.28,$2.30,$2.19,$2.20,"$11,749,123","$213,612,503"
"Dec 22, 2019",$2.16,$2.28,$2.15,$2.28,"$14,021,572","$221,397,694"
"Dec 21, 2019",$2.16,$2.17,$2.14,$2.16,"$4,510,328","$210,217,522"
"Dec 20, 2019",$2.05,$2.22,$2.05,$2.16,"$11,601,787","$210,398,690"
"Dec 19, 2019",$1.90,$2.06,$1.89,$2.05,"$7,756,980","$199,383,495"
"Dec 18, 2019",$1.81,$1.91,$1.80,$1.90,"$5,325,748","$165,658,342"
"Dec 17, 2019",$1.87,$1.89,$1.80,$1.81,"$2,709,877","$139,653,757"
"Dec 16, 2019",$1.88,$1.92,$1.85,$1.87,"$4,990,188","$144,099,618"
"Dec 15, 2019",$1.87,$1.89,$1.81,$1.88,"$1,257,936","$145,290,842"
"Dec 14, 2019",$1.91,$1.91,$1.87,$1.87,"$1,161,483","$144,676,419"
"Dec 13, 2019",$1.86,$1.93,$1.85,$1.91,"$1,691,016","$128,139,288"
"Dec 12, 2019",$1.74,$1.87,$1.73,$1.86,"$3,791,200","$124,810,288"
"Dec 11, 2019",$1.75,$1.76,$1.71,$1.74,"$2,463,793","$116,823,561"
"Dec 10, 2019",$1.83,$1.83,$1.74,$1.75,"$2,879,678","$117,848,800"
"Dec 09, 2019",$1.85,$1.89,$1.83,$1.83,"$3,379,481","$123,414,056"
"Dec 08, 2019",$1.95,$1.95,$1.80,$1.85,"$2,238,035","$124,298,989"
"Dec 07, 2019",$1.97,$2.01,$1.95,$1.95,"$1,620,183","$131,162,949"
"Dec 06, 2019",$1.92,$1.98,$1.91,$1.97,"$3,118,562","$132,754,803"
"Dec 05, 2019",$1.80,$2.01,$1.79,$1.92,"$6,985,990","$129,413,405"
"Dec 04, 2019",$1.55,$1.82,$1.53,$1.80,"$11,150,378","$94,155,688"
"Dec 03, 2019",$1.49,$1.58,$1.49,$1.55,"$7,624,523","$81,088,725"
"Dec 02, 2019",$1.48,$1.51,$1.45,$1.49,"$9,514,150","$78,178,067"
"Dec 01, 2019",$1.47,$1.48,$1.43,$1.48,"$9,944,409","$77,389,722"
"Nov 30, 2019",$1.50,$1.52,$1.46,$1.47,"$8,396,595","$77,184,986"
"Nov 29, 2019",$1.44,$1.51,$1.44,$1.50,"$7,247,767","$78,689,290"
"Nov 28, 2019",$1.46,$1.49,$1.43,$1.44,"$3,364,517","$75,305,106"
"Nov 27, 2019",$1.40,$1.47,$1.37,$1.45,"$8,190,228","$76,225,335"
"Nov 26, 2019",$1.40,$1.43,$1.38,$1.41,"$3,446,197","$73,666,875"
"Nov 25, 2019",$1.42,$1.47,$1.39,$1.40,"$6,707,898","$73,501,250"
"Nov 24, 2019",$1.42,$1.43,$1.40,$1.42,"$7,009,745","$74,422,842"
"Nov 23, 2019",$1.40,$1.43,$1.40,$1.42,"$5,029,197","$74,512,918"
"Nov 22, 2019",$1.42,$1.45,$1.39,$1.40,"$6,634,169","$73,726,756"
"Nov 21, 2019",$1.43,$1.46,$1.42,$1.42,"$4,690,868","$74,552,858"
"Nov 20, 2019",$1.44,$1.45,$1.43,$1.43,"$2,757,265","$75,210,680"
"Nov 19, 2019",$1.45,$1.47,$1.43,$1.44,"$2,271,359","$75,810,420"
"Nov 18, 2019",$1.48,$1.49,$1.44,$1.45,"$1,723,664","$76,116,435"
"Nov 17, 2019",$1.48,$1.50,$1.47,$1.48,"$1,917,312","$78,014,643"
"Nov 16, 2019",$1.48,$1.50,$1.48,$1.48,"$3,861,572","$78,005,162"
"Nov 15, 2019",$1.44,$1.56,$1.44,$1.48,"$5,853,553","$78,035,289"
"Nov 14, 2019",$1.41,$1.45,$1.40,$1.44,"$3,925,154","$75,784,529"
"Nov 13, 2019",$1.38,$1.42,$1.38,$1.41,"$4,636,711","$74,153,313"
"Nov 12, 2019",$1.36,$1.40,$1.35,$1.38,"$4,038,653","$72,707,780"
"Nov 11, 2019",$1.40,$1.41,$1.36,$1.36,"$5,231,845","$71,675,078"
"Nov 10, 2019",$1.33,$1.41,$1.33,$1.40,"$4,808,832","$73,721,270"
"Nov 09, 2019",$1.33,$1.34,$1.31,$1.34,"$2,481,558","$70,407,571"
"Nov 08, 2019",$1.36,$1.37,$1.31,$1.33,"$1,991,908","$69,941,908"
"Nov 07, 2019",$1.34,$1.38,$1.33,$1.37,"$4,968,182","$72,005,119"
"Nov 06, 2019",$1.33,$1.37,$1.31,$1.34,"$3,694,047","$70,577,779"
"Nov 05, 2019",$1.37,$1.37,$1.31,$1.33,"$5,170,671","$70,138,013"
"Nov 04, 2019",$1.36,$1.38,$1.34,$1.37,"$3,312,885","$72,220,726"
"Nov 03, 2019",$1.39,$1.40,$1.35,$1.36,"$1,976,485","$72,066,957"
"Nov 02, 2019",$1.38,$1.40,$1.37,$1.39,"$2,022,280","$73,412,373"
"Nov 01, 2019",$1.39,$1.41,$1.37,$1.38,"$2,126,706","$72,973,325"
"Oct 31, 2019",$1.41,$1.45,$1.37,$1.39,"$8,340,523","$73,542,258"
"Oct 30, 2019",$1.46,$1.47,$1.38,$1.41,"$36,846,586","$74,274,669"
"Oct 29, 2019",$1.38,$1.47,$1.38,$1.46,"$8,549,964","$55,318,566"
"Oct 28, 2019",$1.40,$1.43,$1.37,$1.38,"$5,301,331","$52,496,289"
"Oct 27, 2019",$1.33,$1.43,$1.30,$1.40,"$2,855,244","$53,211,768"
"Oct 26, 2019",$1.30,$1.46,$1.30,$1.33,"$6,461,081","$50,390,847"
"Oct 25, 2019",$1.25,$1.32,$1.21,$1.30,"$4,488,963","$49,425,821"
"Oct 24, 2019",$1.25,$1.26,$1.24,$1.25,"$891,999","$47,535,859"
"Oct 23, 2019",$1.33,$1.36,$1.24,$1.25,"$2,131,156","$47,402,779"
"Oct 22, 2019",$1.33,$1.36,$1.32,$1.33,"$1,422,037","$50,504,278"
"Oct 21, 2019",$1.35,$1.36,$1.32,$1.33,"$2,481,497","$50,504,989"
"Oct 20, 2019",$1.34,$1.38,$1.34,$1.35,"$2,041,502","$51,422,680"
"Oct 19, 2019",$1.31,$1.35,$1.31,$1.34,"$2,256,813","$50,966,930"
"Oct 18, 2019",$1.35,$1.36,$1.31,$1.31,"$1,955,323","$49,956,607"
"Oct 17, 2019",$1.36,$1.37,$1.32,$1.35,"$1,409,369","$51,342,425"
"Oct 16, 2019",$1.39,$1.40,$1.19,$1.36,"$2,469,387","$51,653,196"
"Oct 15, 2019",$1.36,$1.44,$1.36,$1.39,"$3,974,023","$52,972,901"
"Oct 14, 2019",$1.36,$1.39,$1.36,$1.36,"$2,187,237","$51,908,855"
"Oct 13, 2019",$1.38,$1.38,$1.36,$1.36,"$1,534,696","$52,252,164"
"Oct 12, 2019",$1.40,$1.40,$1.38,$1.38,"$1,552,338","$53,022,949"
"Oct 11, 2019",$1.36,$1.42,$1.35,$1.40,"$1,437,468","$53,546,172"
"Oct 10, 2019",$1.43,$1.43,$1.35,$1.36,"$3,625,958","$52,040,096"
"Oct 09, 2019",$1.35,$1.44,$1.35,$1.43,"$1,847,510","$54,842,780"
"Oct 08, 2019",$1.31,$1.36,$1.30,$1.35,"$1,783,548","$51,877,089"
"Oct 07, 2019",$1.31,$1.32,$1.29,$1.31,"$1,295,912","$50,219,932"
"Oct 06, 2019",$1.32,$1.33,$1.31,$1.31,"$1,096,556","$50,420,937"
"Oct 05, 2019",$1.33,$1.33,$1.32,$1.32,"$1,177,989","$50,599,683"
"Oct 04, 2019",$1.31,$1.33,$1.31,$1.33,"$1,326,549","$50,932,264"
"Oct 03, 2019",$1.30,$1.31,$1.29,$1.31,"$1,167,413","$50,244,177"
"Oct 02, 2019",$1.30,$1.34,$1.29,$1.30,"$1,191,237","$49,832,631"
"Oct 01, 2019",$1.29,$1.31,$1.27,$1.30,"$1,658,295","$49,895,706"
"Sep 30, 2019",$1.29,$1.30,$1.25,$1.28,"$1,359,509","$49,283,055"
"Sep 29, 2019",$1.27,$1.29,$1.27,$1.29,"$1,520,233","$49,358,587"
"Sep 28, 2019",$1.29,$1.30,$1.26,$1.27,"$1,393,273","$48,658,208"
"Sep 27, 2019",$1.23,$1.29,$1.23,$1.29,"$1,552,429","$49,307,177"
"Sep 26, 2019",$1.25,$1.26,$1.20,$1.23,"$1,751,924","$47,283,339"
"Sep 25, 2019",$1.27,$1.27,$1.21,$1.25,"$1,891,123","$48,062,321"
"Sep 24, 2019",$1.28,$1.35,$1.17,$1.27,"$3,208,009","$48,716,354"
"Sep 23, 2019",$1.31,$1.32,$1.28,$1.28,"$1,716,038","$32,054,652"
"Sep 22, 2019",$1.32,$1.33,$1.30,$1.31,"$1,551,786","$32,791,449"
"Sep 21, 2019",$1.32,$1.35,$1.31,$1.32,"$2,000,164","$32,888,337"
"Sep 20, 2019",$1.31,$1.33,$1.29,$1.32,"$1,917,492","$33,076,056"
"Sep 19, 2019",$1.29,$1.34,$1.26,$1.30,"$1,848,358","$32,620,137"
"Sep 18, 2019",$1.29,$1.33,$1.29,$1.29,"$1,484,375","$32,332,740"
"Sep 17, 2019",$1.25,$1.31,$1.25,$1.29,"$1,501,821","$32,195,118"
"Sep 16, 2019",$1.27,$1.27,$1.24,$1.26,"$1,613,098","$31,433,915"
"Sep 15, 2019",$1.23,$1.27,$1.23,$1.27,"$1,449,198","$31,642,129"
"Sep 14, 2019",$1.22,$1.26,$1.21,$1.23,"$2,094,526","$30,727,420"
"Sep 13, 2019",$1.23,$1.25,$1.19,$1.22,"$1,635,134","$30,474,147"
"Sep 12, 2019",$1.24,$1.25,$1.22,$1.23,"$1,952,443","$30,802,905"
"Sep 11, 2019",$1.24,$1.25,$1.17,$1.24,"$1,945,756","$30,893,522"
"Sep 10, 2019",$1.24,$1.27,$1.21,$1.24,"$1,691,140","$31,085,855"
"Sep 09, 2019",$1.24,$1.31,$1.22,$1.24,"$2,439,269","$30,878,965"
"Sep 08, 2019",$1.21,$1.24,$1.20,$1.24,"$1,433,740","$31,095,374"
"Sep 07, 2019",$0.8313,$1.21,$0.8313,$1.21,"$2,594,179","$30,245,881"
"Sep 06, 2019",$1.15,$1.19,$1.13,$1.15,"$1,629,681","$28,679,590"
"Sep 05, 2019",$1.18,$1.18,$1.14,$1.15,"$510,850","$28,854,719"
"Sep 04, 2019",$1.20,$1.20,$1.14,$1.18,"$1,582,040","$29,522,439"
"Sep 03, 2019",$1.18,$1.21,$1.16,$1.20,"$2,587,286","$30,012,250"
"Sep 02, 2019",$1.17,$1.18,$1.10,$1.18,"$2,429,119","$29,390,012"
"Sep 01, 2019",$1.16,$1.17,$1.14,$1.17,"$1,126,650","$29,209,161"
"Aug 31, 2019",$1.15,$1.17,$1.14,$1.16,"$1,503,805","$28,987,630"
"Aug 30, 2019",$1.15,$1.20,$1.14,$1.15,"$1,667,366","$28,818,177"
"Aug 29, 2019",$1.21,$1.22,$1.15,$1.15,"$2,229,369","$28,864,056"
"Aug 28, 2019",$1.24,$1.29,$1.17,$1.22,"$2,419,562","$30,423,475"
"Aug 27, 2019",$1.29,$1.30,$1.23,$1.24,"$1,776,877","$30,971,616"
"Aug 26, 2019",$1.27,$1.32,$1.26,$1.29,"$1,895,826","$32,289,192"
"Aug 25, 2019",$1.31,$1.34,$1.27,$1.27,"$1,757,595","$31,807,380"
"Aug 24, 2019",$1.27,$1.32,$1.26,$1.31,"$1,304,597","$32,839,398"
"Aug 23, 2019",$1.23,$1.33,$1.23,$1.27,"$2,410,793","$31,813,319"
"Aug 22, 2019",$1.26,$1.29,$1.22,$1.23,"$2,398,903","$30,810,485"
"Aug 21, 2019",$1.40,$1.40,$1.24,$1.27,"$3,255,031","$31,644,894"
"Aug 20, 2019",$1.43,$1.44,$1.40,$1.40,"$1,805,036","$35,047,466"
"Aug 19, 2019",$1.59,$1.60,$1.41,$1.43,"$5,387,658","$35,629,981"
"Aug 18, 2019",$1.46,$1.61,$1.44,$1.60,"$3,412,098","$39,938,821"
"Aug 17, 2019",$1.61,$1.61,$1.44,$1.46,"$3,070,604","$36,462,601"
"Aug 16, 2019",$1.25,$1.65,$1.17,$1.61,"$10,560,335","$40,181,757"
"Aug 15, 2019",$1.54,$1.54,$1.17,$1.24,"$8,974,039","$31,103,249"
"Aug 14, 2019",$1.72,$1.73,$1.49,$1.54,"$4,435,566","$38,535,865"
"Aug 13, 2019",$1.91,$1.92,$1.72,$1.72,"$3,769,508","$43,037,376"
"Aug 12, 2019",$1.84,$1.91,$1.76,$1.91,"$41,144,878","$47,641,659"
"Aug 11, 2019",$1.79,$1.90,$1.72,$1.84,"$4,439,506","$46,017,690"
"Aug 10, 2019",$1.88,$1.99,$1.76,$1.79,"$5,218,469","$44,786,968"
"Aug 09, 2019",$2.25,$2.25,$1.87,$1.88,"$7,232,198","$47,106,797"
"Aug 08, 2019",$2.23,$2.74,$2.16,$2.25,"$6,768,160",$0
"Aug 07, 2019",$1.95,$2.36,$1.93,$2.23,"$5,298,614",$0
"Aug 06, 2019",$1.76,$2.06,$1.75,$1.95,"$3,799,671",$0
"Aug 05, 2019",$1.80,$1.85,$1.75,$1.76,"$2,060,357",$0
"Aug 04, 2019",$1.81,$1.86,$1.73,$1.80,"$1,659,265",$0
"Aug 03, 2019",$1.79,$1.87,$1.78,$1.81,"$1,386,970",$0
"Aug 02, 2019",$1.77,$1.82,$1.77,$1.79,"$1,787,778",$0
"Aug 01, 2019",$1.72,$1.81,$1.71,$1.77,"$1,604,662",$0
